filename, meanMT, stdMT, meanDistance, stdDistance, errorRate,outlierRate, IDe, meanWidth, meanDist, ID, width, distance,TP, IP, reg1, reg2 
julianBorrar/julianBorrarmouseC,1.4841,0.2888,597.0238,2.9962,0.0400,0.0000,6.2775,7.7969,597.0238,5.0259,19.0000,600.0000,4.2298,9.2664,1.7681,0.1079
julianBorrar/julianBorrarmouseA,0.6067,0.1770,375.2502,25.8425,0.0400,0.0000,2.7185,67.2278,375.2502,2.0027,133.0000,400.0000,4.4809,4.0703,0.1985,0.2457
julianBorrar/julianBorrarmouseB,0.8939,0.2146,376.6928,70.0603,0.0800,0.0400,4.0003,25.1065,376.6928,2.9812,58.0000,400.0000,4.4749,4.7211,1.2602,0.2118
Julian-data/fingers/JulianX300Y200jl/JulianX300Y200jlfingersA,0.6804,0.1969,381.0659,14.2559,0.0000,0.0000,3.1181,49.6023,381.0659,2.0027,133.0000,400.0000,4.5826,40.6516,0.6230,0.0246
Julian-data/fingers/JulianX300Y200jl/JulianX300Y200jlfingersB,0.9082,0.1892,392.4719,16.9164,0.0800,0.0400,4.0241,25.7038,392.4719,2.9812,58.0000,400.0000,4.4309,1.7740,-3.4416,0.5637
Julian-data/fingers/JulianX300Y200jl/JulianX300Y200jlfingersC,1.7790,0.4405,588.8191,37.8635,0.2800,0.0400,6.1499,8.4108,588.8191,5.0259,19.0000,600.0000,3.4570,6.3639,-4.2003,0.1571
Julian-data/fingers/JulianX250Y150jl/JulianX250Y150jlfingersC,1.7354,0.5640,596.5929,5.7266,0.2000,0.0000,6.2065,8.1894,596.5929,5.0259,19.0000,600.0000,3.5764,9.3566,-0.0274,0.1069
Julian-data/fingers/JulianX250Y150jl/JulianX250Y150jlfingersA,0.7452,0.2510,411.0383,26.3469,0.0400,0.0000,2.8348,67.0050,411.0383,2.0027,133.0000,400.0000,3.8042,10.6313,0.2952,0.0941
Julian-data/fingers/JulianX250Y150jl/JulianX250Y150jlfingersB,0.9551,0.2873,397.3120,17.5358,0.1600,0.0000,3.9833,26.8159,397.3120,2.9812,58.0000,400.0000,4.1706,5.7152,-0.1095,0.1750
Julian-data/fingers/JulianX300Y300jl/JulianX300Y300jlfingersA,0.8846,0.7679,384.5688,18.8427,0.0000,0.0000,3.2634,44.7064,384.5688,2.0027,133.0000,400.0000,3.6890,-5.0578,1.7249,-0.1977
Julian-data/fingers/JulianX300Y300jl/JulianX300Y300jlfingersC,1.8235,0.2638,563.6878,116.4150,0.2400,0.0400,5.9202,9.4647,563.6878,5.0259,19.0000,600.0000,3.2466,4.5337,2.0887,0.2206
Julian-data/fingers/JulianX300Y300jl/JulianX300Y300jlfingersB,1.2162,0.5810,388.9537,7.4466,0.0000,0.0000,4.0893,24.2763,388.9537,2.9812,58.0000,400.0000,3.3625,3.6845,-2.7716,0.2714
Julian-data/fingers/JulianX250Y250jl/JulianX250Y250jlfingersA,0.7345,0.2223,372.8090,38.8668,0.0400,0.0800,3.3094,41.8251,372.8090,2.0027,133.0000,400.0000,4.5054,-10.7070,0.0980,-0.0934
Julian-data/fingers/JulianX250Y250jl/JulianX250Y250jlfingersB,0.9155,0.2297,377.2493,74.5737,0.1200,0.0400,3.9165,26.7542,377.2493,2.9812,58.0000,400.0000,4.2779,2.4706,0.3666,0.4048
Julian-data/fingers/JulianX250Y250jl/JulianX250Y250jlfingersC,1.8657,0.3706,567.6850,123.4338,0.3200,0.0400,6.5202,6.2530,567.6850,5.0259,19.0000,600.0000,3.4947,5.2116,1.2083,0.1919
Julian-data/fingers/JulianX250Y200jl/JulianX250Y200jlfingersA,0.7181,0.4189,393.3359,25.0880,0.0400,0.0000,3.1804,48.7690,393.3359,2.0027,133.0000,400.0000,4.4286,18.8679,0.3351,0.0530
Julian-data/fingers/JulianX250Y200jl/JulianX250Y200jlfingersB,0.8383,0.2133,392.6363,9.9958,0.0400,0.0400,4.4421,18.9335,392.6363,2.9812,58.0000,400.0000,5.2987,-6.2646,0.4682,-0.1596
Julian-data/fingers/JulianX250Y200jl/JulianX250Y200jlfingersC,1.6589,0.4024,587.2811,41.2069,0.1600,0.0400,6.0968,8.7083,587.2811,5.0259,19.0000,600.0000,3.6751,3.1932,-0.2330,0.3132
Julian-data/fingers/julianX300Y150jl/julianX300Y150jlfingersC,2.1038,1.0341,557.7143,136.3824,0.4000,0.0800,6.8106,5.0129,557.7143,5.0259,19.0000,600.0000,3.2373,4.9567,-0.4326,0.2017
Julian-data/fingers/julianX300Y150jl/julianX300Y150jlfingersB,1.0768,0.3251,388.7478,26.1022,0.1200,0.0400,4.0638,24.7233,388.7478,2.9812,58.0000,400.0000,3.7740,21.4985,0.7146,0.0465
Julian-data/fingers/julianX300Y150jl/julianX300Y150jlfingersA,0.7128,0.0771,401.9341,36.8627,0.0800,0.0000,3.0823,53.8108,401.9341,2.0027,133.0000,400.0000,4.3239,3.6672,0.4923,0.2727
Julian-data/Mouse/julianMousejlmouseA,0.5345,0.1356,379.7049,16.1401,0.0000,0.0000,3.1954,46.5306,379.7049,2.0027,133.0000,400.0000,5.9786,28.5548,0.7732,0.0350
Julian-data/Mouse/julianMousejlmouseC,1.0836,0.1596,597.9739,3.7978,0.0000,0.0000,6.1099,8.7850,597.9739,5.0259,19.0000,600.0000,5.6384,13.1981,-1.0374,0.0758
Julian-data/Mouse/julianMousejlmouseB,0.6969,0.2125,394.8526,9.0825,0.0000,0.0000,4.3024,21.0796,394.8526,2.9812,58.0000,400.0000,6.1738,7.0076,0.3440,0.1427
Julian-data/Trackpad/julianTPjltrackpadA,0.7142,0.3317,397.7557,31.1448,0.0000,0.0000,2.9959,57.0054,397.7557,2.0027,133.0000,400.0000,4.1946,9.0916,-0.9914,0.1100
Julian-data/Trackpad/julianTPjltrackpadB,1.0497,0.2969,394.7360,7.1158,0.0000,0.0000,4.3429,20.4600,394.7360,2.9812,58.0000,400.0000,4.1372,17.4481,1.0254,0.0573
Julian-data/Trackpad/julianTPjltrackpadC,1.4297,0.4128,599.1044,3.8243,0.0400,0.0000,6.3483,7.4444,599.1044,5.0259,19.0000,600.0000,4.4404,5.9177,-0.6147,0.1690
Steven-data/Mouse/StevenMousejlmouseC,0.9350,0.1945,601.0678,3.2008,0.0000,0.0000,6.0129,9.4547,601.0678,5.0259,19.0000,600.0000,6.4312,11.0071,0.2494,0.0909
Steven-data/Mouse/StevenMousejlmouseB,0.5974,0.1516,399.3118,15.7979,0.0800,0.0000,4.0350,25.9414,399.3118,2.9812,58.0000,400.0000,6.7548,4.8187,-1.2348,0.2075
Steven-data/Mouse/StevenMousejlmouseA,0.4041,0.0967,380.0714,28.7174,0.0400,0.0400,3.0833,50.8440,380.0714,2.0027,133.0000,400.0000,7.6292,-49.3036,0.0000,-0.0203
Steven-data/Fingers/StevenX300Y350jl/StevenX300Y350jlfingersC,2.1296,1.7730,598.8231,3.8254,0.0800,0.0000,6.1522,8.5397,598.8231,5.0259,19.0000,600.0000,2.8889,-1.8677,11.9778,-0.5354
Steven-data/Fingers/StevenX300Y350jl/StevenX300Y350jlfingersA,0.7080,0.2382,397.3455,31.8107,0.1600,0.0400,2.9487,59.1264,397.3455,2.0027,133.0000,400.0000,4.1645,3.9068,0.0827,0.2560
Steven-data/Fingers/StevenX300Y350jl/StevenX300Y350jlfingersB,0.9241,0.2524,396.2867,10.6553,0.0000,0.0000,4.2204,22.4646,396.2867,2.9812,58.0000,400.0000,4.5669,29.2079,0.7095,0.0342
Steven-data/Fingers/StevenX250Y350jl/StevenX250Y350jlfingersC,1.5496,0.1738,594.3335,3.8932,0.2400,0.0000,6.2261,8.0467,594.3335,5.0259,19.0000,600.0000,4.0180,3.9661,-0.0013,0.2521
Steven-data/Fingers/StevenX250Y350jl/StevenX250Y350jlfingersA,0.7887,0.3554,403.9622,32.5233,0.0800,0.0000,2.6990,73.5354,403.9622,2.0027,133.0000,400.0000,3.4221,9.2474,0.3843,0.1081
Steven-data/Fingers/StevenX250Y350jl/StevenX250Y350jlfingersB,0.9713,0.1839,381.8791,76.9104,0.2000,0.0400,3.9276,26.8611,381.8791,2.9812,58.0000,400.0000,4.0435,11.5550,0.5609,0.0865
Steven-data/Fingers/StevenX250Y200jl/StevenX250Y200jlfingersB,1.0922,0.3689,380.2376,73.5255,0.1200,0.0400,3.9209,26.8787,380.2376,2.9812,58.0000,400.0000,3.5898,3.7135,-0.0221,0.2693
Steven-data/Fingers/StevenX250Y200jl/StevenX250Y200jlfingersC,1.7263,0.3642,596.8981,5.5030,0.2400,0.0000,6.1813,8.3403,596.8981,5.0259,19.0000,600.0000,3.5807,-0.3286,41.6240,-3.0429
Steven-data/Fingers/StevenX250Y200jl/StevenX250Y200jlfingersA,0.8513,0.4272,403.8717,22.3750,0.0400,0.0400,3.2371,47.9153,403.8717,2.0027,133.0000,400.0000,3.8027,-16.9488,0.8703,-0.0590
Steven-data/Fingers/StevenX350Y150jl/StevenX350Y150jlfingersC,1.9883,0.9959,567.1100,122.6733,0.2800,0.0400,5.7420,10.7980,567.1100,5.0259,19.0000,600.0000,2.8879,1.4918,-5.8164,0.6703
Steven-data/Fingers/StevenX350Y150jl/StevenX350Y150jlfingersA,0.8282,0.3093,404.2461,32.8971,0.1200,0.0400,2.9487,60.1495,404.2461,2.0027,133.0000,400.0000,3.5603,3.5496,0.0942,0.2817
Steven-data/Fingers/StevenX350Y150jl/StevenX350Y150jlfingersB,0.9016,0.2552,399.5248,9.9249,0.0000,0.0000,3.9545,27.5470,399.5248,2.9812,58.0000,400.0000,4.3861,10.7664,0.4427,0.0929
Steven-data/Fingers/StevenX300Y150jl/StevenX300Y150jlfingersB,1.1076,0.7099,397.6030,7.3451,0.0000,0.0000,4.4935,18.4708,397.6030,2.9812,58.0000,400.0000,4.0570,7.5093,0.0028,0.1332
Steven-data/Fingers/StevenX300Y150jl/StevenX300Y150jlfingersC,2.6001,2.3145,596.2362,4.8947,0.0800,0.0800,6.0446,9.1714,596.2362,5.0259,19.0000,600.0000,2.3248,2.4806,-2.1657,0.4031
Steven-data/Fingers/StevenX300Y150jl/StevenX300Y150jlfingersA,0.8110,0.2225,416.9302,30.6098,0.0800,0.0400,3.1305,53.7449,416.9302,2.0027,133.0000,400.0000,3.8600,2.0019,-2.1741,0.4995
Steven-data/Fingers/StevenX350Y200jl/StevenX350Y200jlfingersA,0.8247,0.5913,417.7669,31.6820,0.0800,0.0000,2.9154,63.8368,417.7669,2.0027,133.0000,400.0000,3.5349,3.6386,0.5623,0.2748
Steven-data/Fingers/StevenX350Y200jl/StevenX350Y200jlfingersC,2.1787,1.2288,594.7004,6.7227,0.1600,0.0400,5.9337,9.8913,594.7004,5.0259,19.0000,600.0000,2.7235,0.8662,-7.9696,1.1544
Steven-data/Fingers/StevenX350Y200jl/StevenX350Y200jlfingersB,1.1178,0.4352,403.8350,10.1409,0.0800,0.0000,3.8957,29.0856,403.8350,2.9812,58.0000,400.0000,3.4851,5.2026,2.0844,0.1922
Steven-data/Fingers/StevenX250Y150jl/StevenX250Y150jlfingersC,1.8202,0.6086,598.6854,5.3636,0.1600,0.0000,6.2519,7.9602,598.6854,5.0259,19.0000,600.0000,3.4348,6.8693,-1.0621,0.1456
Steven-data/Fingers/StevenX250Y150jl/StevenX250Y150jlfingersA,0.7990,0.3578,410.8120,33.2205,0.0800,0.0000,2.8424,66.5611,410.8120,2.0027,133.0000,400.0000,3.5575,9.5666,3.4424,0.1045
Steven-data/Fingers/StevenX250Y150jl/StevenX250Y150jlfingersB,1.1191,0.4331,388.8468,74.7489,0.0800,0.0400,3.8474,29.0313,388.8468,2.9812,58.0000,400.0000,3.4379,3.9263,1.5394,0.2547
Steven-data/Fingers/StevenX350Y350jl/StevenX350Y350jlfingersB,0.8414,0.2006,396.9096,12.5907,0.0800,0.0400,4.1395,23.8755,396.9096,2.9812,58.0000,400.0000,4.9199,-5.3351,-0.7923,-0.1874
Steven-data/Fingers/StevenX350Y350jl/StevenX350Y350jlfingersC,1.6935,0.7386,596.9905,13.3086,0.1600,0.0400,6.2704,7.8351,596.9905,5.0259,19.0000,600.0000,3.7026,4.0464,-0.9002,0.2471
Steven-data/Fingers/StevenX350Y350jl/StevenX350Y350jlfingersA,0.7224,0.3501,395.1042,20.2880,0.0000,0.0000,3.0204,55.5379,395.1042,2.0027,133.0000,400.0000,4.1811,218.1671,-0.2934,0.0046
Steven-data/Fingers/StevenX350Y250jl/StevenX350Y250jlfingersB,1.3647,0.9148,394.3343,11.2942,0.0400,0.0400,4.4410,19.0307,394.3343,2.9812,58.0000,400.0000,3.2542,-23.7506,0.7277,-0.0421
Steven-data/Fingers/StevenX350Y250jl/StevenX350Y250jlfingersC,1.7113,0.3395,596.5448,3.3973,0.1200,0.0000,5.9358,9.9067,596.5448,5.0259,19.0000,600.0000,3.4685,-1.7133,-12.9788,-0.5837
Steven-data/Fingers/StevenX350Y250jl/StevenX350Y250jlfingersA,0.8147,0.3903,390.9931,18.6223,0.0000,0.0400,2.9713,57.1432,390.9931,2.0027,133.0000,400.0000,3.6472,4.9885,0.2669,0.2005
Steven-data/Fingers/StevenX250Y300jl/StevenX250Y300jlfingersC,1.6657,0.2875,595.5523,5.1621,0.3600,0.0000,5.9720,9.6417,595.5523,5.0259,19.0000,600.0000,3.5853,-24.3471,1.2037,-0.0411
Steven-data/Fingers/StevenX250Y300jl/StevenX250Y300jlfingersA,0.8168,0.3845,405.5814,30.2983,0.1200,0.0000,3.1603,51.0791,405.5814,2.0027,133.0000,400.0000,3.8693,-0.5411,-55.2241,-1.8479
Steven-data/Fingers/StevenX250Y300jl/StevenX250Y300jlfingersB,1.2238,0.9453,389.9661,11.1887,0.0400,0.0000,3.7987,30.1919,389.9661,2.9812,58.0000,400.0000,3.1040,1.4198,-0.4000,0.7043
Steven-data/Fingers/StevenX300Y300jl/StevenX300Y300jlfingersB,0.8675,0.1966,395.9228,14.0894,0.1200,0.0000,4.1868,23.0025,395.9228,2.9812,58.0000,400.0000,4.8262,72.4889,0.4749,0.0138
Steven-data/Fingers/StevenX300Y300jl/StevenX300Y300jlfingersC,1.3860,0.2211,596.6059,10.2975,0.2400,0.0400,6.2363,8.0200,596.6059,5.0259,19.0000,600.0000,4.4995,0.4316,-53.6110,2.3169
Steven-data/Fingers/StevenX300Y300jl/StevenX300Y300jlfingersA,0.6030,0.2427,393.4199,26.7718,0.0000,0.0000,2.9072,60.5104,393.4199,2.0027,133.0000,400.0000,4.8212,6.5905,0.0851,0.1517
Steven-data/Fingers/StevenX300Y250jl/StevenX300Y250jlfingersA,0.6997,0.2342,385.3119,25.8997,0.0400,0.0000,2.9133,58.9768,385.3119,2.0027,133.0000,400.0000,4.1633,9.5874,0.3182,0.1043
Steven-data/Fingers/StevenX300Y250jl/StevenX300Y250jlfingersB,0.9270,0.2799,403.0960,13.6490,0.1200,0.0000,4.0912,25.1243,403.0960,2.9812,58.0000,400.0000,4.4132,1.4383,-4.4670,0.6952
Steven-data/Fingers/StevenX300Y250jl/StevenX300Y250jlfingersC,1.3390,0.1415,595.5921,13.4577,0.4000,0.0400,6.1255,8.6549,595.5921,5.0259,19.0000,600.0000,4.5746,0.4396,5.2455,2.2747
Steven-data/Fingers/StevenX250Y250jl/StevenX250Y250jlfingersB,0.9310,0.4658,393.3282,11.5693,0.0400,0.0000,4.1489,23.4970,393.3282,2.9812,58.0000,400.0000,4.4566,0.1720,-45.3675,5.8133
Steven-data/Fingers/StevenX250Y250jl/StevenX250Y250jlfingersA,0.7488,0.2435,389.4559,72.0959,0.1200,0.0400,2.9976,55.7441,389.4559,2.0027,133.0000,400.0000,4.0033,5.4133,0.1088,0.1847
Steven-data/Fingers/StevenX250Y250jl/StevenX250Y250jlfingersC,1.8893,0.7201,595.9027,4.6933,0.2400,0.0000,5.9515,9.7872,595.9027,5.0259,19.0000,600.0000,3.1501,13.2847,0.1595,0.0753
Steven-data/Fingers/StevenX350Y300jl/StevenX350Y300jlfingersC,1.5127,0.4774,574.7683,107.5684,0.0400,0.0400,5.9278,9.5996,574.7683,5.0259,19.0000,600.0000,3.9187,9.8603,0.5471,0.1014
Steven-data/Fingers/StevenX350Y300jl/StevenX350Y300jlfingersB,1.0024,0.3927,402.8306,14.3943,0.1200,0.0000,4.1316,24.3715,402.8306,2.9812,58.0000,400.0000,4.1218,4.9552,-0.7487,0.2018
Steven-data/Fingers/StevenX350Y300jl/StevenX350Y300jlfingersA,0.7096,0.2130,388.9116,74.8722,0.0400,0.0400,2.8322,63.5333,388.9116,2.0027,133.0000,400.0000,3.9910,1.1564,-5.1737,0.8648
Steven-data/Fingers/StevenX300Y200jl/StevenX300Y200jlfingersC,1.7952,0.7441,595.4115,13.6934,0.2800,0.0800,6.1938,8.2463,595.4115,5.0259,19.0000,600.0000,3.4503,2.7648,0.4326,0.3617
Steven-data/Fingers/StevenX300Y200jl/StevenX300Y200jlfingersA,0.6541,0.2207,395.8568,24.5275,0.0400,0.0400,2.9382,59.3982,395.8568,2.0027,133.0000,400.0000,4.4920,4.5977,-0.2807,0.2175
Steven-data/Fingers/StevenX300Y200jl/StevenX300Y200jlfingersB,0.9861,0.3587,398.7541,14.8265,0.1200,0.0400,4.2367,22.3359,398.7541,2.9812,58.0000,400.0000,4.2962,5.8257,0.2925,0.1717
Steven-data/Trackpad/StevenTrackpadjltrackpadB,0.9229,0.2624,390.1182,11.0901,0.0400,0.0000,3.9815,26.3670,390.1182,2.9812,58.0000,400.0000,4.3139,-7.0358,1.6768,-0.1421
Steven-data/Trackpad/StevenTrackpadjltrackpadA,0.6925,0.2114,382.7621,26.7031,0.0400,0.0000,3.0532,52.4276,382.7621,2.0027,133.0000,400.0000,4.4089,-22.8862,2.5140,-0.0437
Steven-data/Trackpad/StevenTrackpadjltrackpadC,1.4148,0.3521,601.0097,3.4340,0.2000,0.0000,6.1574,8.5399,601.0097,5.0259,19.0000,600.0000,4.3522,363.5192,0.6476,0.0028
Steven-data/KvI/Stevent7k3/Stevent7k3fingersB,0.7978,0.2222,402.8103,17.7749,0.1200,0.0000,4.0074,26.7069,402.8103,2.9812,58.0000,400.0000,5.0230,11.5487,-0.0571,0.0866
Steven-data/KvI/Stevent7k3/Stevent7k3fingersA,0.5081,0.1415,394.3636,27.0827,0.0400,0.0000,3.1418,50.3906,394.3636,2.0027,133.0000,400.0000,6.1837,-50.5561,-0.2549,-0.0198
Steven-data/KvI/Stevent7k3/Stevent7k3fingersC,1.3503,0.4532,600.5659,7.2142,0.2400,0.0000,6.1784,8.4084,600.5659,5.0259,19.0000,600.0000,4.5757,14.2041,0.5055,0.0704
Steven-data/KvI/Stevent3k7/Stevent3k7fingersB,1.2130,0.5275,398.1893,7.5363,0.0000,0.0000,4.0021,26.5044,398.1893,2.9812,58.0000,400.0000,3.2995,10.5367,-0.0779,0.0949
Steven-data/KvI/Stevent3k7/Stevent3k7fingersC,2.2271,1.2271,575.8577,106.8283,0.0400,0.0800,6.6075,5.9666,575.8577,5.0259,19.0000,600.0000,2.9669,-0.6334,3.2160,-1.5789
Steven-data/KvI/Stevent3k7/Stevent3k7fingersA,0.9765,0.3163,389.8257,18.6570,0.0000,0.0000,3.3333,42.9358,389.8257,2.0027,133.0000,400.0000,3.4135,3.0711,0.0487,0.3256
Steven-data/KvI/Stevent5k5/Stevent5k5fingersB,0.9201,0.2102,407.3150,9.9774,0.1200,0.0000,4.2516,22.5678,407.3150,2.9812,58.0000,400.0000,4.6210,-19.8684,0.7912,-0.0503
Steven-data/KvI/Stevent5k5/Stevent5k5fingersA,0.6108,0.2225,407.2556,40.1822,0.1200,0.0000,2.7891,68.8856,407.2556,2.0027,133.0000,400.0000,4.5665,10.5638,0.8909,0.0947
Steven-data/KvI/Stevent5k5/Stevent5k5fingersC,1.7277,0.5183,598.9341,4.0821,0.1200,0.0000,6.5948,6.2614,598.9341,5.0259,19.0000,600.0000,3.8171,-4.7983,2.5472,-0.2084
Steven-data/KvI/Stevent3k71/Stevent3k7fingersB,0.9327,0.2265,399.0240,12.8289,0.1200,0.0000,3.9076,28.4865,399.0240,2.9812,58.0000,400.0000,4.1897,0.6450,-17.4901,1.5503
Steven-data/KvI/Stevent3k71/Stevent3k7fingersC,1.4946,0.5471,599.4249,4.6070,0.1600,0.0000,6.6452,6.0489,599.4249,5.0259,19.0000,600.0000,4.4463,-7.6368,1.9863,-0.1309
Steven-data/KvI/Stevent3k71/Stevent3k7fingersA,0.6260,0.1845,393.4783,26.9418,0.0400,0.0400,2.9954,56.4161,393.4783,2.0027,133.0000,400.0000,4.7848,-0.3332,11.5462,-3.0011
Steven-data/KvI/Stevent0k10/Stevent0k10fingersB,0.8713,0.2076,407.4443,15.0828,0.1200,0.0000,3.6982,34.0108,407.4443,2.9812,58.0000,400.0000,4.2444,7.8720,-0.4423,0.1270
Steven-data/KvI/Stevent0k10/Stevent0k10fingersA,0.6964,0.2094,392.5870,29.2883,0.0400,0.0000,3.0284,54.8394,392.5870,2.0027,133.0000,400.0000,4.3486,-0.1111,-288.1392,-9.0043
Steven-data/KvI/Stevent0k10/Stevent0k10fingersC,1.4517,0.3596,599.4892,5.4362,0.2000,0.0000,6.3516,7.4322,599.4892,5.0259,19.0000,600.0000,4.3752,1.5208,-1.5858,0.6575
Steven-data/Fatigue/StevenFatigue1/StevenFatigue1trackpadA,0.4256,0.1145,378.2227,28.9131,0.0400,0.0000,2.9708,55.2990,378.2227,2.0027,133.0000,400.0000,6.9806,13.4884,0.4383,0.0741
Steven-data/Fatigue/StevenFatigue1/StevenFatigue1trackpadC,0.9511,0.2341,598.9691,3.2928,0.0400,0.0000,6.1072,8.8165,598.9691,5.0259,19.0000,600.0000,6.4214,131.2824,0.4105,0.0076
Steven-data/Fatigue/StevenFatigue1/StevenFatigue1trackpadB,0.5795,0.1743,394.9274,9.8166,0.0000,0.0000,4.2718,21.5609,394.9274,2.9812,58.0000,400.0000,7.3715,-128.0301,0.7401,-0.0078
Steven-data/Fatigue/StevenFatigue9/StevenFatigue9trackpadB,0.5470,0.1883,394.2831,18.9441,0.1200,0.0400,3.8891,28.5373,394.2831,2.9812,58.0000,400.0000,7.1099,10.1657,0.4934,0.0984
Steven-data/Fatigue/StevenFatigue9/StevenFatigue9trackpadC,0.9834,0.4231,596.3039,15.6723,0.2400,0.0800,5.9563,9.7607,596.3039,5.0259,19.0000,600.0000,6.0570,0.1161,0.0000,8.6154
Steven-data/Fatigue/StevenFatigue9/StevenFatigue9trackpadA,0.6429,0.5820,389.4817,35.0780,0.0400,0.0400,2.7087,70.3364,389.4817,2.0027,133.0000,400.0000,4.2135,3.1005,-0.3971,0.3225
Steven-data/Fatigue/StevenFatigue4/StevenFatigue4trackpadB,0.7707,0.2345,401.3010,12.0856,0.0000,0.0000,4.0873,25.0849,401.3010,2.9812,58.0000,400.0000,5.3032,-5.4467,1.8857,-0.1836
Steven-data/Fatigue/StevenFatigue4/StevenFatigue4trackpadA,0.5234,0.2366,402.2325,29.0334,0.0000,0.0000,3.2824,46.0766,402.2325,2.0027,133.0000,400.0000,6.2707,5.6339,0.1341,0.1775
Steven-data/Fatigue/StevenFatigue4/StevenFatigue4trackpadC,1.0011,0.2684,573.8877,108.9059,0.1600,0.0400,5.7004,11.2527,573.8877,5.0259,19.0000,600.0000,5.6943,17.0218,-0.1869,0.0587
Steven-data/Fatigue/StevenFatigue2/StevenFatigue2trackpadC,1.1194,0.2456,598.5288,3.6666,0.0400,0.0000,6.3779,7.2844,598.5288,5.0259,19.0000,600.0000,5.6978,7.1871,0.7541,0.1391
Steven-data/Fatigue/StevenFatigue2/StevenFatigue2trackpadA,0.5073,0.1867,384.9587,29.9184,0.0800,0.0400,3.0612,52.3971,384.9587,2.0027,133.0000,400.0000,6.0344,8.3479,0.0701,0.1198
Steven-data/Fatigue/StevenFatigue2/StevenFatigue2trackpadB,0.7148,0.1937,395.7017,14.0493,0.0400,0.0400,4.0268,25.8631,395.7017,2.9812,58.0000,400.0000,5.6337,10.3061,-0.1641,0.0970
Steven-data/Fatigue/StevenFatigue6/StevenFatigue6trackpadB,0.6583,0.2318,396.0321,12.0966,0.1200,0.0000,3.9281,27.8456,396.0321,2.9812,58.0000,400.0000,5.9672,9.8323,0.3871,0.1017
Steven-data/Fatigue/StevenFatigue6/StevenFatigue6trackpadA,0.4997,0.1856,386.6752,28.1957,0.0400,0.0000,2.8124,64.1810,386.6752,2.0027,133.0000,400.0000,5.6285,18.6944,-0.0918,0.0535
Steven-data/Fatigue/StevenFatigue6/StevenFatigue6trackpadC,1.1796,0.4120,598.5219,4.3340,0.0800,0.0000,6.0112,9.4257,598.5219,5.0259,19.0000,600.0000,5.0961,-18.5662,0.3410,-0.0539
Steven-data/Fatigue/StevenFatigue81/StevenFatigue8trackpadA,0.4883,0.1850,394.7111,38.0319,0.2000,0.0000,2.8085,65.7232,394.7111,2.0027,133.0000,400.0000,5.7521,49.5865,0.2312,0.0202
Steven-data/Fatigue/StevenFatigue81/StevenFatigue8trackpadB,0.8592,0.8240,398.2534,13.5154,0.0400,0.0400,4.0306,25.9576,398.2534,2.9812,58.0000,400.0000,4.6913,13.4497,3.4857,0.0744
Steven-data/Fatigue/StevenFatigue81/StevenFatigue8trackpadC,1.0268,0.3396,596.9744,3.4920,0.1200,0.0000,6.1346,8.6192,596.9744,5.0259,19.0000,600.0000,5.9745,26.7749,0.6129,0.0373
Steven-data/Fatigue/StevenFatigue10/StevenFatigue10trackpadC,1.0310,0.4070,597.8542,3.3190,0.0800,0.0000,6.3448,7.4471,597.8542,5.0259,19.0000,600.0000,6.1542,8.3824,-0.4039,0.1193
Steven-data/Fatigue/StevenFatigue10/StevenFatigue10trackpadB,0.6571,0.1592,398.2905,18.7204,0.2400,0.0000,4.0438,25.7076,398.2905,2.9812,58.0000,400.0000,6.1543,3.1406,0.5113,0.3184
Steven-data/Fatigue/StevenFatigue10/StevenFatigue10trackpadA,0.6489,0.2573,382.1900,40.1795,0.2000,0.0000,2.6892,70.1344,382.1900,2.0027,133.0000,400.0000,4.1444,1.3832,-2.7844,0.7229
Steven-data/Fatigue/StevenFatigue3/StevenFatigue3trackpadC,0.9196,0.2379,600.0873,2.1832,0.0000,0.0000,6.3039,7.6925,600.0873,5.0259,19.0000,600.0000,6.8551,-2.1208,1.9586,-0.4715
Steven-data/Fatigue/StevenFatigue3/StevenFatigue3trackpadA,0.5462,0.2356,375.3959,67.6173,0.0800,0.0400,2.8387,61.0025,375.3959,2.0027,133.0000,400.0000,5.1974,-18.9827,1.8003,-0.0527
Steven-data/Fatigue/StevenFatigue3/StevenFatigue3trackpadB,0.6499,0.1786,392.0081,14.7195,0.0800,0.0000,4.0886,24.4801,392.0081,2.9812,58.0000,400.0000,6.2912,-19.0072,0.8873,-0.0526
Steven-data/Fatigue/StevenFatigue7/StevenFatigue7trackpadC,1.0256,0.3120,598.4164,4.0437,0.0400,0.0000,6.1539,8.5237,598.4164,5.0259,19.0000,600.0000,6.0006,4.9411,-1.6135,0.2024
Steven-data/Fatigue/StevenFatigue7/StevenFatigue7trackpadA,0.4817,0.1532,392.8653,25.9776,0.0800,0.0000,3.1485,49.9371,392.8653,2.0027,133.0000,400.0000,6.5364,1.6303,-2.4887,0.6134
Steven-data/Fatigue/StevenFatigue7/StevenFatigue7trackpadB,0.7555,0.3238,400.4672,10.9625,0.0000,0.0000,4.1715,23.5289,400.4672,2.9812,58.0000,400.0000,5.5212,138.5801,-0.0660,0.0072
Steven-data/Fatigue/StevenFatigue5/StevenFatigue5trackpadB,0.7485,0.1475,400.5530,10.5560,0.0000,0.0000,4.2362,22.4444,400.5530,2.9812,58.0000,400.0000,5.6599,11.2989,0.6498,0.0885
Steven-data/Fatigue/StevenFatigue5/StevenFatigue5trackpadA,0.5881,0.1726,379.8716,26.4364,0.0000,0.0000,2.6902,69.6489,379.8716,2.0027,133.0000,400.0000,4.5746,210.4268,0.1460,0.0048
Steven-data/Fatigue/StevenFatigue5/StevenFatigue5trackpadC,1.1531,0.3673,598.9808,3.4423,0.1200,0.0400,6.4497,6.9322,598.9808,5.0259,19.0000,600.0000,5.5931,5.0608,1.1203,0.1976
Steven-data/Steven-Fatigue/scf5/scf5trackpadA,0.4101,0.1244,393.4245,32.5327,0.0800,0.0400,2.8328,64.2358,393.4245,2.0027,133.0000,400.0000,6.9069,9.8848,-0.9510,0.1012
Steven-data/Steven-Fatigue/scf5/scf5trackpadC,1.0273,0.4397,598.0809,6.1358,0.1200,0.0000,6.3109,7.6297,598.0809,5.0259,19.0000,600.0000,6.1429,12.5223,0.8332,0.0799
Steven-data/Steven-Fatigue/scf5/scf5trackpadB,0.6054,0.1292,398.3417,14.2473,0.0400,0.0000,4.2486,22.1189,398.3417,2.9812,58.0000,400.0000,7.0183,104.6839,0.3273,0.0096
Steven-data/Steven-Fatigue/SCF1/SCF1trackpadA,0.4548,0.1731,403.4205,30.4134,0.0400,0.0000,3.0779,54.1935,403.4205,2.0027,133.0000,400.0000,6.7675,16.0833,0.3112,0.0622
Steven-data/Steven-Fatigue/SCF1/SCF1trackpadB,0.6919,0.2186,383.8239,72.5830,0.0800,0.0400,4.2315,21.5815,383.8239,2.9812,58.0000,400.0000,6.1162,1.6077,9.8148,0.6220
Steven-data/Steven-Fatigue/SCF1/SCF1trackpadC,0.9243,0.3915,597.9911,4.3256,0.0000,0.0400,6.1652,8.4503,597.9911,5.0259,19.0000,600.0000,6.6703,9.3411,0.0775,0.1071
Steven-data/Steven-Fatigue/scf10/scf10trackpadC,1.1463,0.2593,597.8749,3.7512,0.0400,0.0000,6.1934,8.2827,597.8749,5.0259,19.0000,600.0000,5.4031,9.3595,0.0677,0.1068
Steven-data/Steven-Fatigue/scf10/scf10trackpadA,0.4566,0.1341,373.8183,79.4076,0.0800,0.0400,2.7600,64.7437,373.8183,2.0027,133.0000,400.0000,6.0450,8.0017,0.2468,0.1250
Steven-data/Steven-Fatigue/scf10/scf10trackpadB,0.7496,0.4698,384.5135,73.8687,0.0800,0.0800,3.6906,32.2807,384.5135,2.9812,58.0000,400.0000,4.9235,2.8551,-1.8278,0.3502
Steven-data/Steven-Fatigue/scf2/scf2trackpadC,1.0068,0.2171,600.3597,4.5011,0.0800,0.0000,6.1841,8.3720,600.3597,5.0259,19.0000,600.0000,6.1422,13.7910,0.6664,0.0725
Steven-data/Steven-Fatigue/scf2/scf2trackpadA,0.4432,0.1897,396.5792,28.4975,0.0000,0.0400,2.7902,67.0204,396.5792,2.0027,133.0000,400.0000,6.2954,4.3478,-0.1519,0.2300
Steven-data/Steven-Fatigue/scf2/scf2trackpadB,0.7210,0.2473,397.4742,10.3747,0.0800,0.0000,4.1259,24.1493,397.4742,2.9812,58.0000,400.0000,5.7224,-9.2087,-1.5720,-0.1086
Steven-data/Steven-Fatigue/scf3/scf3trackpadC,1.0386,0.2436,599.1602,5.0259,0.1200,0.0000,6.1110,8.7960,599.1602,5.0259,19.0000,600.0000,5.8836,-3.7957,2.5161,-0.2635
Steven-data/Steven-Fatigue/scf3/scf3trackpadA,0.4975,0.1746,394.0121,27.7142,0.0000,0.0000,2.6749,73.1578,394.0121,2.0027,133.0000,400.0000,5.3766,56.2906,0.3171,0.0178
Steven-data/Steven-Fatigue/scf3/scf3trackpadB,0.6498,0.2176,395.7028,16.2655,0.0400,0.0400,3.8327,29.8677,395.7028,2.9812,58.0000,400.0000,5.8979,3.7324,0.8046,0.2679
Steven-data/Steven-Fatigue/SCFatigue05/SCFatigue05trackpadC,0.9868,0.2370,598.3685,2.7941,0.0800,0.0000,6.3470,7.4424,598.3685,5.0259,19.0000,600.0000,6.4319,-0.0992,124.9054,-10.0809
Steven-data/Steven-Fatigue/SCFatigue05/SCFatigue05trackpadB,0.6163,0.1231,397.9685,12.1594,0.0400,0.0000,4.2118,22.7020,397.9685,2.9812,58.0000,400.0000,6.8335,2.0862,-1.3358,0.4793
Steven-data/Steven-Fatigue/SCFatigue05/SCFatigue05trackpadA,0.5073,0.1565,393.8950,21.7151,0.0000,0.0400,2.8189,65.0402,393.8950,2.0027,133.0000,400.0000,5.5566,-9.0566,2.2575,-0.1104
Steven-data/Steven-Fatigue/scf7/scf7trackpadB,0.6259,0.1473,398.0217,13.3491,0.1200,0.0000,4.1387,23.9561,398.0217,2.9812,58.0000,400.0000,6.6123,10.4000,0.4703,0.0962
Steven-data/Steven-Fatigue/scf7/scf7trackpadA,0.4359,0.1066,390.9575,37.3685,0.0800,0.0000,2.7811,66.5622,390.9575,2.0027,133.0000,400.0000,6.3805,10.6500,1.1383,0.0939
Steven-data/Steven-Fatigue/scf7/scf7trackpadC,0.9273,0.2574,597.7193,4.1089,0.0800,0.0000,6.2072,8.2009,597.7193,5.0259,19.0000,600.0000,6.6941,-1.2979,4.0964,-0.7705
Zhen-data/Mouse/ZhenMmouseB,0.5107,0.1248,400.2554,11.9210,0.0800,0.0000,4.1426,24.0217,400.2554,2.9812,58.0000,400.0000,8.1110,8.6716,-0.1613,0.1153
Zhen-data/Mouse/ZhenMmouseA,0.4223,0.1017,393.5524,20.6059,0.0000,0.0000,3.1241,50.9863,393.5524,2.0027,133.0000,400.0000,7.3973,2.6386,-1.4426,0.3790
Zhen-data/Mouse/ZhenMmouseC,0.9427,0.2397,598.5051,3.9743,0.0400,0.0000,5.9554,9.8036,598.5051,5.0259,19.0000,600.0000,6.3171,-4.4076,0.9355,-0.2269
Zhen-data/TvK/ZhenX200Y250T10K0/ZhenX200Y250T10K0fingersB,1.0870,0.2479,394.1267,9.0582,0.0000,0.0000,3.9956,26.3598,394.1267,2.9812,58.0000,400.0000,3.6759,-45.4541,1.0660,-0.0220
Zhen-data/TvK/ZhenX200Y250T10K0/ZhenX200Y250T10K0fingersA,0.7616,0.1756,385.6911,73.6016,0.1200,0.0400,2.9215,58.6478,385.6911,2.0027,133.0000,400.0000,3.8358,7.1399,-0.3059,0.1401
Zhen-data/TvK/ZhenX200Y250T10K0/ZhenX200Y250T10K0fingersC,1.8496,0.2958,597.3217,3.7196,0.1600,0.0000,6.1731,8.3943,597.3217,5.0259,19.0000,600.0000,3.3376,326.7319,1.7562,0.0031
Zhen-data/TvK/ZhenX200Y250T5K5/ZhenX200Y250T5K5fingersB,1.1625,0.2281,400.0329,10.4346,0.0000,0.0000,4.2211,22.6655,400.0329,2.9812,58.0000,400.0000,3.6310,2.8934,-0.8100,0.3456
Zhen-data/TvK/ZhenX200Y250T5K5/ZhenX200Y250T5K5fingersA,0.7849,0.1361,386.1309,61.0009,0.0400,0.0400,3.0631,52.4809,386.1309,2.0027,133.0000,400.0000,3.9025,0.6359,-2.6153,1.5726
Zhen-data/TvK/ZhenX200Y250T5K5/ZhenX200Y250T5K5fingersC,2.1804,0.3890,599.8213,3.9911,0.1200,0.0000,6.2047,8.2441,599.8213,5.0259,19.0000,600.0000,2.8457,3.5031,0.8379,0.2855
Zhen-data/TvK/ZhenX200Y250T7K3/ZhenX200Y250T7K3fingersA,0.9213,0.2009,402.7278,20.4265,0.0000,0.0000,3.1862,49.7057,402.7278,2.0027,133.0000,400.0000,3.4582,2.7067,0.6153,0.3695
Zhen-data/TvK/ZhenX200Y250T7K3/ZhenX200Y250T7K3fingersB,1.1041,0.2999,386.4098,70.0769,0.0400,0.0400,4.1314,23.3818,386.4098,2.9812,58.0000,400.0000,3.7418,5.2179,-0.0182,0.1916
Zhen-data/TvK/ZhenX200Y250T7K3/ZhenX200Y250T7K3fingersC,1.9569,0.4301,570.7977,113.5947,0.1600,0.0400,6.5204,6.2866,570.7977,5.0259,19.0000,600.0000,3.3320,2.0466,-3.9264,0.4886
Zhen-data/TvK/ZhenX200Y200T3K7/ZhenX200Y200T3K7fingersC,1.9786,0.4722,598.1566,5.2857,0.1200,0.0000,6.0869,8.9315,598.1566,5.0259,19.0000,600.0000,3.0763,2.3967,-0.8204,0.4172
Zhen-data/TvK/ZhenX200Y200T3K7/ZhenX200Y200T3K7fingersB,1.1310,0.2316,396.3442,13.0113,0.0400,0.0000,4.1048,24.4573,396.3442,2.9812,58.0000,400.0000,3.6294,3.8331,2.0554,0.2609
Zhen-data/TvK/ZhenX200Y200T3K7/ZhenX200Y200T3K7fingersA,0.7823,0.1373,389.4225,22.8333,0.0400,0.0000,2.8107,64.7282,389.4225,2.0027,133.0000,400.0000,3.5929,8.3773,-0.2186,0.1194
Zhen-data/TvK/ZhenX200Y250T3K7/ZhenX200Y250T3K7fingersB,1.0251,0.2910,400.5004,14.4198,0.1200,0.0000,3.8431,29.9980,400.5004,2.9812,58.0000,400.0000,3.7489,11.1294,-0.3247,0.0899
Zhen-data/TvK/ZhenX200Y250T3K7/ZhenX200Y250T3K7fingersC,2.2115,0.6308,598.0219,4.4712,0.5200,0.0000,6.3658,7.3403,598.0219,5.0259,19.0000,600.0000,2.8785,-1.0832,10.9796,-0.9232
Zhen-data/TvK/ZhenX200Y250T3K7/ZhenX200Y250T3K7fingersA,0.8266,0.2116,391.4493,22.2147,0.0000,0.0000,3.1195,50.8997,391.4493,2.0027,133.0000,400.0000,3.7740,8.8101,0.5806,0.1135
Zhen-data/TvK/ZhenX200Y250T0K10/ZhenX200Y250T0K10fingersB,1.1462,0.4160,386.2570,69.0746,0.0400,0.0800,3.9672,26.3839,386.2570,2.9812,58.0000,400.0000,3.4612,4.0140,-0.0729,0.2491
Zhen-data/TvK/ZhenX200Y250T0K10/ZhenX200Y250T0K10fingersA,0.7865,0.1886,347.1399,96.2113,0.1200,0.0400,3.1333,44.6508,347.1399,2.0027,133.0000,400.0000,3.9838,1.1147,0.7396,0.8971
Zhen-data/TvK/ZhenX200Y250T0K10/ZhenX200Y250T0K10fingersC,4.1025,6.1214,557.0921,139.4795,0.4800,0.0400,6.6359,5.6587,557.0921,5.0259,19.0000,600.0000,1.6175,-0.4059,-11.4181,-2.4634
Zhen-data/TvK/ZhenX200Y200T5K5/ZhenX200Y200T5K5fingersB,1.1588,0.2067,397.4632,8.7879,0.0000,0.0000,4.1976,22.9101,397.4632,2.9812,58.0000,400.0000,3.6224,-4.6818,1.2832,-0.2136
Zhen-data/TvK/ZhenX200Y200T5K5/ZhenX200Y200T5K5fingersA,0.7796,0.1429,391.3335,17.7902,0.0000,0.0000,3.4641,38.9937,391.3335,2.0027,133.0000,400.0000,4.4432,-6.9752,1.5977,-0.1434
Zhen-data/TvK/ZhenX200Y200T5K5/ZhenX200Y200T5K5fingersC,2.1140,0.4163,570.8532,116.9693,0.2400,0.0400,5.9443,9.4240,570.8532,5.0259,19.0000,600.0000,2.8118,40.7638,3.6040,0.0245
Zhen-data/TvK/ZhenX200Y200T7K3/ZhenX200Y200T7K3fingersA,0.7896,0.2098,405.5142,25.7936,0.0000,0.0000,2.6148,79.1218,405.5142,2.0027,133.0000,400.0000,3.3115,-8.7601,0.1603,-0.1142
Zhen-data/TvK/ZhenX200Y200T7K3/ZhenX200Y200T7K3fingersB,1.0487,0.2253,381.9828,74.2223,0.0800,0.0400,3.8384,28.7104,381.9828,2.9812,58.0000,400.0000,3.6602,-17.2873,1.5496,-0.0578
Zhen-data/TvK/ZhenX200Y200T7K3/ZhenX200Y200T7K3fingersC,2.1781,0.5452,597.1166,4.4446,0.2400,0.0000,5.8760,10.3438,597.1166,5.0259,19.0000,600.0000,2.6977,1.0522,-7.5155,0.9504
Zhen-data/TvK/ZhenX200Y200T10K0/ZhenX200Y200T10K0fingersB,1.0804,0.2469,389.1281,73.1194,0.1200,0.0400,3.8385,29.2460,389.1281,2.9812,58.0000,400.0000,3.5529,5.3032,0.2675,0.1886
Zhen-data/TvK/ZhenX200Y200T10K0/ZhenX200Y200T10K0fingersC,2.3552,0.9884,562.3103,124.2963,0.3200,0.0400,5.9503,9.2432,562.3103,5.0259,19.0000,600.0000,2.5264,4.8022,0.3456,0.2082
Zhen-data/TvK/ZhenX200Y200T10K0/ZhenX200Y200T10K0fingersA,0.7542,0.0936,388.3605,79.6474,0.1200,0.0800,2.7095,70.0878,388.3605,2.0027,133.0000,400.0000,3.5926,12.0078,0.4683,0.0833
Zhen-data/TvK/ZhenX200Y200T0K10/ZhenX200Y200T0K10fingersC,2.2308,0.5617,565.0619,124.0028,0.3200,0.0400,6.0558,8.6239,565.0619,5.0259,19.0000,600.0000,2.7146,1.6472,0.6181,0.6071
Zhen-data/TvK/ZhenX200Y200T0K10/ZhenX200Y200T0K10fingersA,1.0780,1.4576,391.7604,17.4814,0.0000,0.0000,2.8487,63.1533,391.7604,2.0027,133.0000,400.0000,2.6426,4.9442,-0.5064,0.2023
Zhen-data/TvK/ZhenX200Y200T0K10/ZhenX200Y200T0K10fingersB,1.1466,0.2750,398.5759,15.3910,0.1200,0.0000,3.9578,27.4137,398.5759,2.9812,58.0000,400.0000,3.4519,-20.8121,1.7872,-0.0480
Zhen-data/Fingers/ZhenX200Y250/ZhenX200Y250fingersC,2.1106,0.4163,599.9765,4.1330,0.0400,0.0000,5.9849,9.6252,599.9765,5.0259,19.0000,600.0000,2.8356,-8.3335,1.3851,-0.1200
Zhen-data/Fingers/ZhenX200Y250/ZhenX200Y250fingersA,0.9171,0.2532,394.4276,19.1747,0.0000,0.0400,3.0488,54.2149,394.4276,2.0027,133.0000,400.0000,3.3245,0.6007,-5.0360,1.6648
Zhen-data/Fingers/ZhenX200Y250/ZhenX200Y250fingersB,1.2534,0.2888,381.4501,71.7675,0.1200,0.0800,3.7657,30.2708,381.4501,2.9812,58.0000,400.0000,3.0043,-16.0389,0.1199,-0.0623
Zhen-data/Fingers/ZhenX250Y200/ZhenX250Y200fingersB,1.0754,0.2262,400.8995,17.6654,0.1200,0.0000,4.0160,26.4124,400.8995,2.9812,58.0000,400.0000,3.7345,18.0031,-0.7763,0.0555
Zhen-data/Fingers/ZhenX250Y200/ZhenX250Y200fingersA,0.9114,0.4199,382.7986,77.4224,0.0400,0.0400,2.8519,61.5478,382.7986,2.0027,133.0000,400.0000,3.1290,2.0310,-1.2056,0.4924
Zhen-data/Fingers/ZhenX250Y200/ZhenX250Y200fingersC,2.1070,0.6813,598.8560,5.2217,0.1200,0.0000,6.2489,7.9791,598.8560,5.0259,19.0000,600.0000,2.9658,3.7206,1.9069,0.2688
Zhen-data/Fingers/X250Y250/X250Y250fingersB,1.3032,0.4383,399.8351,12.7202,0.0400,0.0000,3.9768,27.1179,399.8351,2.9812,58.0000,400.0000,3.0516,-3.0790,1.3076,-0.3248
Zhen-data/Fingers/X250Y250/X250Y250fingersA,1.1255,0.2783,384.1549,71.4685,0.0800,0.0400,3.0899,51.1244,384.1549,2.0027,133.0000,400.0000,2.7453,1.6137,-1.7962,0.6197
Zhen-data/Fingers/X250Y250/X250Y250fingersC,2.2314,0.4151,565.2687,124.6981,0.3200,0.0400,6.2163,7.7060,565.2687,5.0259,19.0000,600.0000,2.7858,-28.3624,3.9123,-0.0353
Zhen-data/Fingers/ZhenX250Y150JL/ZhenX250Y150JLfingersB,0.8482,0.1680,379.6826,69.4277,0.0400,0.0400,4.0227,24.8912,379.6826,2.9812,58.0000,400.0000,4.7426,-0.1315,68.4436,-7.6039
Zhen-data/Fingers/ZhenX250Y150JL/ZhenX250Y150JLfingersA,0.6544,0.0679,388.9952,20.2150,0.0400,0.0000,3.2368,46.1612,388.9952,2.0027,133.0000,400.0000,4.9465,5.2525,0.3460,0.1904
Zhen-data/Fingers/ZhenX250Y150JL/ZhenX250Y150JLfingersC,1.6063,0.2807,599.1257,5.1795,0.1600,0.0000,6.1805,8.3759,599.1257,5.0259,19.0000,600.0000,3.8476,-8.0173,2.4845,-0.1247
Zhen-data/Fingers/X350Y150/X350Y150fingersB,1.8147,0.8679,395.4124,12.0621,0.0400,0.0400,3.9151,28.0726,395.4124,2.9812,58.0000,400.0000,2.1575,3.1739,1.1308,0.3151
Zhen-data/Fingers/X350Y150/X350Y150fingersC,2.8029,1.4383,566.3878,126.8810,0.3200,0.0400,5.9218,9.4996,566.3878,5.0259,19.0000,600.0000,2.1128,6.2019,2.4359,0.1612
Zhen-data/Fingers/X350Y150/X350Y150fingersA,1.0399,0.1067,382.8124,37.9465,0.0800,0.0400,2.6619,71.8416,382.8124,2.0027,133.0000,400.0000,2.5597,4.5533,-0.4929,0.2196
Zhen-data/Fingers/X250Y150/X250Y150fingersC,3.5919,2.0421,553.3064,119.2466,0.5600,0.0000,6.2642,7.2936,553.3064,5.0259,19.0000,600.0000,1.7440,5.4736,-0.1832,0.1827
Zhen-data/Fingers/X250Y150/X250Y150fingersA,0.8722,0.2034,364.4724,107.4289,0.1200,0.0000,2.8906,56.8088,364.4724,2.0027,133.0000,400.0000,3.3141,2.2244,-0.8909,0.4496
Zhen-data/Fingers/X250Y150/X250Y150fingersB,1.2301,0.3825,301.1336,145.6614,0.3200,0.0000,3.4786,29.6774,301.1336,2.9812,58.0000,400.0000,2.8279,-0.3991,34.2948,-2.5054
Zhen-data/Fingers/ZhenX250Y150/ZhenX250Y150fingersA,0.7373,0.2818,372.8287,77.9368,0.1600,0.0400,3.0552,50.9869,372.8287,2.0027,133.0000,400.0000,4.1440,21.7150,0.8650,0.0461
Zhen-data/Fingers/ZhenX250Y150/ZhenX250Y150fingersC,1.9625,0.6176,565.6624,125.9012,0.3200,0.0400,6.2482,7.5407,565.6624,5.0259,19.0000,600.0000,3.1838,-53.4689,2.4670,-0.0187
Zhen-data/Fingers/ZhenX250Y150/ZhenX250Y150fingersB,1.1125,0.3435,399.2166,7.8737,0.0400,0.0400,4.0603,25.4556,399.2166,2.9812,58.0000,400.0000,3.6497,-5.2197,2.3388,-0.1916
Zhen-data/Fingers/X350Y250/X350Y250fingersB,1.3202,0.4064,396.0738,10.9257,0.0400,0.0000,4.1455,23.7201,396.0738,2.9812,58.0000,400.0000,3.1400,-1.4983,-7.8975,-0.6674
Zhen-data/Fingers/X350Y250/X350Y250fingersA,1.0351,0.4012,379.2168,69.1598,0.0400,0.0400,3.1071,49.7895,379.2168,2.0027,133.0000,400.0000,3.0016,4.3854,-0.9682,0.2280
Zhen-data/Fingers/X350Y250/X350Y250fingersC,2.8472,2.0441,599.8764,4.3864,0.0800,0.0400,5.8391,10.6650,599.8764,5.0259,19.0000,600.0000,2.0509,0.6757,-7.7499,1.4800
Zhen-data/Fingers/X250Y300/X250Y300fingersC,2.4236,0.9161,598.6810,4.7616,0.1600,0.0000,5.9427,9.8939,598.6810,5.0259,19.0000,600.0000,2.4521,-0.1197,43.0616,-8.3532
Zhen-data/Fingers/X250Y300/X250Y300fingersB,1.4572,0.4130,391.9877,8.5152,0.0400,0.0000,4.2376,21.9416,391.9877,2.9812,58.0000,400.0000,2.9082,3.2493,0.2219,0.3078
Zhen-data/Fingers/X250Y300/X250Y300fingersA,1.0283,0.1896,399.1240,30.8041,0.0800,0.0000,2.9246,60.5389,399.1240,2.0027,133.0000,400.0000,2.8441,-2.4250,7.4880,-0.4124
Zhen-data/Fingers/ZhenX250Y250/ZhenX250Y250fingersC,1.9952,0.6008,597.5789,4.2901,0.0800,0.0000,6.3526,7.4031,597.5789,5.0259,19.0000,600.0000,3.1839,3.2833,-5.0169,0.3046
Zhen-data/Fingers/ZhenX250Y250/ZhenX250Y250fingersB,1.1418,0.2837,381.3260,75.0898,0.1200,0.0400,3.9844,25.7168,381.3260,2.9812,58.0000,400.0000,3.4896,-1.1350,8.0564,-0.8811
Zhen-data/Fingers/ZhenX250Y250/ZhenX250Y250fingersA,0.9514,0.5035,396.2365,24.9504,0.0000,0.0000,2.9341,59.6467,396.2365,2.0027,133.0000,400.0000,3.0840,28.9566,1.0851,0.0345
Zhen-data/Fingers/X250Y350/X250Y350fingersA,1.1297,0.6542,392.2721,24.4680,0.0400,0.0400,3.1095,51.4059,392.2721,2.0027,133.0000,400.0000,2.7526,-1.9938,0.9458,-0.5016
Zhen-data/Fingers/X250Y350/X250Y350fingersC,2.2313,0.3997,571.3039,117.9187,0.2400,0.0400,6.0182,8.9531,571.3039,5.0259,19.0000,600.0000,2.6971,3.5774,1.2607,0.2795
Zhen-data/Fingers/X250Y350/X250Y350fingersB,1.4862,0.5583,399.7388,11.5459,0.0400,0.0800,4.3644,20.3980,399.7388,2.9812,58.0000,400.0000,2.9367,0.4841,-0.5434,2.0655
Zhen-data/Fingers/ZhenX200Y150/ZhenX200Y150fingersB,1.3068,0.4591,380.4520,74.9335,0.1200,0.0400,3.8225,28.9365,380.4520,2.9812,58.0000,400.0000,2.9251,4.9019,0.0135,0.2040
Zhen-data/Fingers/ZhenX200Y150/ZhenX200Y150fingersA,0.8624,0.3762,407.9820,32.4190,0.0800,0.0400,2.9843,59.0153,407.9820,2.0027,133.0000,400.0000,3.4603,43.9865,0.9279,0.0227
Zhen-data/Fingers/ZhenX200Y150/ZhenX200Y150fingersC,2.0496,0.2936,598.5899,7.2288,0.4400,0.0000,6.7605,5.5725,598.5899,5.0259,19.0000,600.0000,3.2984,2.7352,-0.9834,0.3656
Zhen-data/Fingers/X350Y350/X350Y350fingersA,1.0193,0.2935,391.2176,23.5797,0.0400,0.0000,2.9378,58.7210,391.2176,2.0027,133.0000,400.0000,2.8821,12.2462,0.7032,0.0817
Zhen-data/Fingers/X350Y350/X350Y350fingersC,2.2670,0.4020,570.5013,113.2812,0.2000,0.0400,5.7706,10.6452,570.5013,5.0259,19.0000,600.0000,2.5455,2.7734,0.6271,0.3606
Zhen-data/Fingers/X350Y350/X350Y350fingersB,1.2697,0.2823,394.3947,11.0471,0.0000,0.0000,4.0431,25.4682,394.3947,2.9812,58.0000,400.0000,3.1842,3.8919,0.7934,0.2569
Zhen-data/Fingers/ZhenX250Y200JL/ZhenX250Y200JLfingersB,1.0213,0.2931,397.3393,9.3472,0.0000,0.0400,4.1500,23.7169,397.3393,2.9812,58.0000,400.0000,4.0635,-0.1839,59.9514,-5.4374
Zhen-data/Fingers/ZhenX250Y200JL/ZhenX250Y200JLfingersA,0.7326,0.1823,378.9150,44.7884,0.0800,0.0400,2.9017,58.5390,378.9150,2.0027,133.0000,400.0000,3.9608,-3.0470,4.8927,-0.3282
Zhen-data/Fingers/ZhenX250Y200JL/ZhenX250Y200JLfingersC,1.6480,0.4101,569.0099,122.4830,0.2800,0.0400,6.0630,8.6401,569.0099,5.0259,19.0000,600.0000,3.6790,63.9385,-1.9012,0.0156
Zhen-data/Fingers/ZhenX250Y250JL/ZhenX250Y250JLfingersC,1.8616,0.6223,595.8679,14.9022,0.2800,0.0400,6.2658,7.8460,595.8679,5.0259,19.0000,600.0000,3.3657,5.2991,2.2889,0.1887
Zhen-data/Fingers/ZhenX250Y250JL/ZhenX250Y250JLfingersB,0.9122,0.2641,401.6905,18.2032,0.2000,0.0000,3.7978,31.1201,401.6905,2.9812,58.0000,400.0000,4.1633,4.3129,-4.1805,0.2319
Zhen-data/Fingers/ZhenX250Y250JL/ZhenX250Y250JLfingersA,0.7865,0.2480,372.0158,72.7428,0.0400,0.0800,2.9152,56.8536,372.0158,2.0027,133.0000,400.0000,3.7063,6.4777,-0.1555,0.1544
Zhen-data/Fingers/ZhenX200Y200/ZhenX200Y200fingersA,0.7849,0.2355,401.7223,32.5975,0.1200,0.0000,3.2034,48.9247,401.7223,2.0027,133.0000,400.0000,4.0815,11.0139,0.1031,0.0908
Zhen-data/Fingers/ZhenX200Y200/ZhenX200Y200fingersB,1.0083,0.1418,377.3845,75.8940,0.1600,0.0400,4.2120,21.5241,377.3845,2.9812,58.0000,400.0000,4.1775,0.0849,6.7770,11.7810
Zhen-data/Fingers/ZhenX200Y200/ZhenX200Y200fingersC,2.1105,0.6183,596.5044,5.4416,0.3200,0.0000,6.0532,9.1206,596.5044,5.0259,19.0000,600.0000,2.8681,7.9277,-0.6754,0.1261
Zhen-data/Fingers/X250Y200/X250Y200fingersB,1.5777,0.6286,396.0484,12.3648,0.0800,0.0400,4.3153,20.9456,396.0484,2.9812,58.0000,400.0000,2.7351,2.3812,1.1652,0.4199
Zhen-data/Fingers/X250Y200/X250Y200fingersA,0.9649,0.2615,404.5879,26.1889,0.0400,0.0400,3.0749,54.4800,404.5879,2.0027,133.0000,400.0000,3.1867,10.9183,0.3702,0.0916
Zhen-data/Fingers/X250Y200/X250Y200fingersC,2.4371,0.7544,476.7355,220.7700,0.4800,0.0000,5.7089,9.2921,476.7355,5.0259,19.0000,600.0000,2.3425,2.1592,-3.3976,0.4631
Zhen-data/Trackpad/ZhenTtrackpadA,0.8035,0.2620,397.1565,29.7675,0.0000,0.0000,3.0397,54.9825,397.1565,2.0027,133.0000,400.0000,3.7832,7.8755,0.4051,0.1270
Zhen-data/Trackpad/ZhenTtrackpadC,1.4033,0.4388,599.8405,4.9820,0.0800,0.0000,5.9887,9.5976,599.8405,5.0259,19.0000,600.0000,4.2676,10.0875,0.8609,0.0991
Zhen-data/Trackpad/ZhenTtrackpadB,0.9806,0.4576,395.5662,16.3393,0.0800,0.0000,4.2486,21.9646,395.5662,2.9812,58.0000,400.0000,4.3328,4.1758,-0.6719,0.2395
Zhen-data/SeperateWiimote/ZhenRelNo1T2/ZhenRelNo1T2fingersB,0.8617,0.2179,390.5890,12.8167,0.0800,0.0000,3.7927,30.3769,390.5890,2.9812,58.0000,400.0000,4.4015,1.4635,-4.8450,0.6833
Zhen-data/SeperateWiimote/ZhenRelNo1T2/ZhenRelNo1T2fingersA,0.6124,0.1569,377.0121,24.1518,0.0400,0.0000,2.7686,64.8396,377.0121,2.0027,133.0000,400.0000,4.5207,7.0655,-0.2098,0.1415
Zhen-data/SeperateWiimote/ZhenRelNo1T2/ZhenRelNo1T2fingersC,2.9427,4.0937,537.0128,159.5786,0.1200,0.0400,6.0771,8.0740,537.0128,5.0259,19.0000,600.0000,2.0651,11.4637,-2.0104,0.0872
Zhen-data/SeperateWiimote/ZhenRelNo1T1/ZhenRelNo1T1fingersC,1.8711,0.3080,597.6361,8.6290,0.1200,0.0400,6.1076,8.7945,597.6361,5.0259,19.0000,600.0000,3.2641,1.7001,-3.0212,0.5882
Zhen-data/SeperateWiimote/ZhenRelNo1T1/ZhenRelNo1T1fingersB,1.0516,0.1939,391.9818,10.2574,0.0400,0.0000,3.8154,29.9728,391.9818,2.9812,58.0000,400.0000,3.6281,-31.8317,1.1065,-0.0314
Zhen-data/SeperateWiimote/ZhenRelNo1T1/ZhenRelNo1T1fingersA,0.6612,0.1529,359.7239,71.5529,0.0800,0.0400,2.7384,63.4087,359.7239,2.0027,133.0000,400.0000,4.1417,-59.3772,1.2426,-0.0168
Zhen-data/SeperateWiimote/ZhenRelNo3T1/ZhenRelNo3T1fingersB,0.7690,0.1164,392.4893,13.7300,0.0400,0.0000,3.7584,31.3173,392.4893,2.9812,58.0000,400.0000,4.8874,4.4454,-0.3818,0.2249
Zhen-data/SeperateWiimote/ZhenRelNo3T1/ZhenRelNo3T1fingersC,1.3272,0.2471,598.2044,4.3958,0.1200,0.0000,6.1791,8.3713,598.2044,5.0259,19.0000,600.0000,4.6557,-7.1812,1.6235,-0.1393
Zhen-data/SeperateWiimote/ZhenRelNo3T1/ZhenRelNo3T1fingersA,0.5438,0.1134,396.5682,16.0851,0.0000,0.0000,3.1551,50.1469,396.5682,2.0027,133.0000,400.0000,5.8023,-3.4204,-9.4963,-0.2924
Zhen-data/SeperateWiimote/ZhenAbsNo1T1/ZhenAbsNo1T1fingersA,0.7263,0.2354,395.4297,37.4260,0.1200,0.0400,3.0742,53.2782,395.4297,2.0027,133.0000,400.0000,4.2328,6.3676,1.0733,0.1570
Zhen-data/SeperateWiimote/ZhenAbsNo1T1/ZhenAbsNo1T1fingersC,1.9237,0.7616,597.1066,5.3316,0.2800,0.0400,6.2193,8.1229,597.1066,5.0259,19.0000,600.0000,3.2330,-1.6039,10.1325,-0.6235
Zhen-data/SeperateWiimote/ZhenAbsNo1T1/ZhenAbsNo1T1fingersB,1.0248,0.4663,400.1414,11.4715,0.0000,0.0000,3.7828,31.3499,400.1414,2.9812,58.0000,400.0000,3.6912,10.1996,0.6079,0.0980
Zhen-data/SeperateWiimote/ZhenRelNo2T2/ZhenRelNo2T2fingersB,0.9563,0.3256,380.2508,72.0490,0.0800,0.0400,4.0887,23.7440,380.2508,2.9812,58.0000,400.0000,4.2754,-3.4282,6.0215,-0.2917
Zhen-data/SeperateWiimote/ZhenRelNo2T2/ZhenRelNo2T2fingersA,0.5743,0.1204,388.2486,22.3722,0.0000,0.0000,3.0690,52.5253,388.2486,2.0027,133.0000,400.0000,5.3440,1.4567,-3.6827,0.6865
Zhen-data/SeperateWiimote/ZhenRelNo2T2/ZhenRelNo2T2fingersC,1.4108,0.3225,597.6295,3.9593,0.0400,0.0000,6.1075,8.7947,597.6295,5.0259,19.0000,600.0000,4.3291,1.8415,-1.1640,0.5430
Zhen-data/SeperateWiimote/ZhenAbsNo1T2/ZhenAbsNo1T2fingersA,0.6921,0.2794,384.1942,29.5072,0.0800,0.0400,2.8822,60.2856,384.1942,2.0027,133.0000,400.0000,4.1646,-3.1148,1.7926,-0.3210
Zhen-data/SeperateWiimote/ZhenAbsNo1T2/ZhenAbsNo1T2fingersB,1.0211,0.3879,403.7580,15.7640,0.1200,0.0000,3.9591,27.7449,403.7580,2.9812,58.0000,400.0000,3.8772,-3.6219,-0.2739,-0.2761
Zhen-data/SeperateWiimote/ZhenAbsNo1T2/ZhenAbsNo1T2fingersC,1.8795,0.7377,571.4884,114.8522,0.1600,0.0400,6.2443,7.6393,571.4884,5.0259,19.0000,600.0000,3.3223,3.2898,5.9881,0.3040
Zhen-data/SeperateWiimote/ZhenRelNo2T1/ZhenRelNo2T1fingersB,0.8876,0.1656,395.1592,15.2443,0.0800,0.0000,3.8787,28.8228,395.1592,2.9812,58.0000,400.0000,4.3698,6.4322,0.9190,0.1555
Zhen-data/SeperateWiimote/ZhenRelNo2T1/ZhenRelNo2T1fingersA,0.6198,0.2137,396.6719,18.0572,0.0000,0.0000,3.0033,56.5178,396.6719,2.0027,133.0000,400.0000,4.8453,7.8615,1.4022,0.1272
Zhen-data/SeperateWiimote/ZhenRelNo2T1/ZhenRelNo2T1fingersC,1.6648,0.3433,598.3338,3.5487,0.0800,0.0000,6.2842,7.7773,598.3338,5.0259,19.0000,600.0000,3.7747,8.0978,1.1782,0.1235
Zhen-data/SeperateWiimote/ZhenRelNo3T2/ZhenRelNo3T2fingersB,0.8606,0.1850,404.6603,18.5529,0.1200,0.0000,4.0602,25.8038,404.6603,2.9812,58.0000,400.0000,4.7179,2.8459,-1.6244,0.3514
Zhen-data/SeperateWiimote/ZhenRelNo3T2/ZhenRelNo3T2fingersC,1.6662,0.9213,597.7110,5.2842,0.1200,0.0000,6.2089,8.1907,597.7110,5.0259,19.0000,600.0000,3.7263,2.5076,2.9759,0.3988
Zhen-data/SeperateWiimote/ZhenRelNo3T2/ZhenRelNo3T2fingersA,0.6699,0.4316,374.9856,74.1166,0.0800,0.0800,3.0011,53.5212,374.9856,2.0027,133.0000,400.0000,4.4799,1.9810,-0.0013,0.5048
Zhen-data/AdjustBufferNewMethod/ZhenA85B20OffT2/ZhenA85B20OffT2fingersB,0.9083,0.2150,397.2272,12.8053,0.0400,0.0000,3.7723,31.3678,397.2272,2.9812,58.0000,400.0000,4.1529,20.8158,1.2475,0.0480
Zhen-data/AdjustBufferNewMethod/ZhenA85B20OffT2/ZhenA85B20OffT2fingersC,1.7208,0.3515,597.1253,3.7887,0.0800,0.0000,6.2772,7.7995,597.1253,5.0259,19.0000,600.0000,3.6478,6.2755,1.4525,0.1593
Zhen-data/AdjustBufferNewMethod/ZhenA85B20OffT2/ZhenA85B20OffT2fingersA,0.5983,0.1495,360.4621,83.6909,0.0800,0.0400,2.9892,51.9384,360.4621,2.0027,133.0000,400.0000,4.9958,6.8787,-0.3724,0.1454
Zhen-data/AdjustBufferNewMethod/ZhenA85B20NewT1/ZhenA85B20NewT1fingersC,1.7759,0.3750,510.5945,192.9781,0.5200,0.0000,6.2668,6.7181,510.5945,5.0259,19.0000,600.0000,3.5288,0.7378,-5.0468,1.3554
Zhen-data/AdjustBufferNewMethod/ZhenA85B20NewT1/ZhenA85B20NewT1fingersB,0.9049,0.2117,401.3126,17.7980,0.1600,0.0000,3.9524,27.7145,401.3126,2.9812,58.0000,400.0000,4.3677,5.2281,0.2635,0.1913
Zhen-data/AdjustBufferNewMethod/ZhenA85B20NewT1/ZhenA85B20NewT1fingersA,0.6096,0.1318,384.3696,21.5261,0.0000,0.0000,3.0457,52.9637,384.3696,2.0027,133.0000,400.0000,4.9958,7.2101,1.7636,0.1387
Zhen-data/AdjustBufferNewMethod/ZhenA85B20T2/ZhenA85B20T2fingersC,2.0676,1.0431,568.0195,117.4859,0.2000,0.0400,6.0450,8.7350,568.0195,5.0259,19.0000,600.0000,2.9237,0.4836,-14.7389,2.0680
Zhen-data/AdjustBufferNewMethod/ZhenA85B20T2/ZhenA85B20T2fingersB,0.9998,0.2991,381.4846,75.2193,0.1200,0.0800,3.9096,27.1944,381.4846,2.9812,58.0000,400.0000,3.9104,16.2941,0.1721,0.0614
Zhen-data/AdjustBufferNewMethod/ZhenA85B20T2/ZhenA85B20T2fingersA,0.6524,0.2298,387.0382,83.9670,0.1600,0.0400,2.7936,65.2286,387.0382,2.0027,133.0000,400.0000,4.2820,5.2472,-0.2801,0.1906
Zhen-data/AdjustBufferNewMethod/ZhenA85B20SqrtT1/ZhenA85B20SqrtT1fingersC,1.4587,0.2591,595.9913,3.8587,0.2400,0.0000,6.3036,7.6419,595.9913,5.0259,19.0000,600.0000,4.3215,6.3227,0.8931,0.1582
Zhen-data/AdjustBufferNewMethod/ZhenA85B20SqrtT1/ZhenA85B20SqrtT1fingersA,0.6023,0.1691,376.3178,73.0857,0.0400,0.0400,2.8637,59.9326,376.3178,2.0027,133.0000,400.0000,4.7543,8.1648,0.6112,0.1225
Zhen-data/AdjustBufferNewMethod/ZhenA85B20SqrtT1/ZhenA85B20SqrtT1fingersB,0.8010,0.1498,396.7526,18.3751,0.1600,0.0000,3.9807,26.8306,396.7526,2.9812,58.0000,400.0000,4.9697,3.7434,-0.7715,0.2671
Zhen-data/AdjustBufferNewMethod/ZhenA85B20OffT1/ZhenA85B20OffT1fingersC,1.7326,0.4038,598.3576,5.3619,0.2400,0.0000,5.9233,10.0249,598.3576,5.0259,19.0000,600.0000,3.4187,5.7709,-3.1455,0.1733
Zhen-data/AdjustBufferNewMethod/ZhenA85B20OffT1/ZhenA85B20OffT1fingersA,0.6612,0.1605,387.8122,23.0953,0.1200,0.0000,3.3451,42.3283,387.8122,2.0027,133.0000,400.0000,5.0594,-52.3723,1.0878,-0.0191
Zhen-data/AdjustBufferNewMethod/ZhenA85B20OffT1/ZhenA85B20OffT1fingersB,0.8884,0.2259,364.0347,99.4111,0.1200,0.0800,3.9533,25.1231,364.0347,2.9812,58.0000,400.0000,4.4500,3.7748,0.2261,0.2649
Zhen-data/AdjustBufferNewMethod/ZhenA85B20T1/ZhenA85B20T1fingersA,0.6230,0.1676,388.2764,22.9102,0.0800,0.0000,3.1338,49.9250,388.2764,2.0027,133.0000,400.0000,5.0300,3.1006,-1.6006,0.3225
Zhen-data/AdjustBufferNewMethod/ZhenA85B20T1/ZhenA85B20T1fingersC,2.2739,0.8244,597.6111,6.0399,0.3200,0.0000,6.2171,8.1428,597.6111,5.0259,19.0000,600.0000,2.7341,41.1391,5.5020,0.0243
Zhen-data/AdjustBufferNewMethod/ZhenA85B20T1/ZhenA85B20T1fingersB,0.9793,0.2295,376.2211,72.4184,0.1200,0.0400,4.0598,23.9975,376.2211,2.9812,58.0000,400.0000,4.1457,4.8044,-0.9024,0.2081
Zhen-data/AdjustBufferNewMethod/ZhenA85B20SqrtOffT1/ZhenA85B20SqrtOffT1fingersA,0.5672,0.1248,392.3992,26.8974,0.0000,0.0000,2.9885,56.5713,392.3992,2.0027,133.0000,400.0000,5.2690,2.9261,-0.9794,0.3417
Zhen-data/AdjustBufferNewMethod/ZhenA85B20SqrtOffT1/ZhenA85B20SqrtOffT1fingersC,1.6931,0.5395,568.3600,122.2662,0.2800,0.0400,6.1122,8.3365,568.3600,5.0259,19.0000,600.0000,3.6101,17.7056,0.7259,0.0565
Zhen-data/AdjustBufferNewMethod/ZhenA85B20SqrtOffT1/ZhenA85B20SqrtOffT1fingersB,0.8756,0.1888,399.7679,17.5483,0.0800,0.0400,4.1221,24.3575,399.7679,2.9812,58.0000,400.0000,4.7079,369.9346,1.3451,0.0027
Zhen-data/AdjustBufferNewMethod/ZhenA85B20SqrtOffT2/ZhenA85B20SqrtOffT2fingersB,0.8390,0.1765,380.0476,75.7835,0.2000,0.0400,3.7215,31.1744,380.0476,2.9812,58.0000,400.0000,4.4354,21.5579,0.0429,0.0464
Zhen-data/AdjustBufferNewMethod/ZhenA85B20SqrtOffT2/ZhenA85B20SqrtOffT2fingersC,1.6478,0.4927,568.8151,117.5116,0.2400,0.0400,6.0250,8.8714,568.8151,5.0259,19.0000,600.0000,3.6565,24.1064,1.6465,0.0415
Zhen-data/AdjustBufferNewMethod/ZhenA85B20SqrtOffT2/ZhenA85B20SqrtOffT2fingersA,0.5572,0.0557,374.0649,67.5886,0.0400,0.0400,2.8574,59.8789,374.0649,2.0027,133.0000,400.0000,5.1282,-3.1529,3.5567,-0.3172
Zhen-data/AdjustBufferNewMethod/ZhenA85B20SqrtT2/ZhenA85B20SqrtT2fingersA,0.6039,0.1245,389.4076,20.2653,0.0000,0.0000,3.2154,46.9842,389.4076,2.0027,133.0000,400.0000,5.3242,5.2440,0.3969,0.1907
Zhen-data/AdjustBufferNewMethod/ZhenA85B20SqrtT2/ZhenA85B20SqrtT2fingersC,1.5333,0.3640,595.1541,4.4037,0.0800,0.0000,5.9891,9.5200,595.1541,5.0259,19.0000,600.0000,3.9060,11.2889,0.1331,0.0886
Zhen-data/AdjustBufferNewMethod/ZhenA85B20SqrtT2/ZhenA85B20SqrtT2fingersB,0.8085,0.1819,379.9177,74.4896,0.0800,0.0400,3.8519,28.2702,379.9177,2.9812,58.0000,400.0000,4.7641,-2.3586,-0.6091,-0.4240
Zhen-data/AdjustBufferNewMethod/ZhenA85B20NewT2/ZhenA85B20NewT2fingersC,1.6658,0.3289,598.5690,3.5978,0.0400,0.0000,5.8142,10.8306,598.5690,5.0259,19.0000,600.0000,3.4904,16.1415,0.5598,0.0620
Zhen-data/AdjustBufferNewMethod/ZhenA85B20NewT2/ZhenA85B20NewT2fingersA,0.6168,0.1188,395.8395,32.9933,0.0800,0.0000,2.8238,65.1049,395.8395,2.0027,133.0000,400.0000,4.5781,1.7730,-0.3515,0.5640
Zhen-data/AdjustBufferNewMethod/ZhenA85B20NewT2/ZhenA85B20NewT2fingersB,0.9336,0.2071,400.4647,16.3925,0.1200,0.0000,4.0549,25.6368,400.4647,2.9812,58.0000,400.0000,4.3435,-20.9332,1.4346,-0.0478
Zhen-data/sensitivity-test/x150y200/x150y200fingersA,0.7801,0.2626,377.2277,68.3720,0.1200,0.0400,3.2185,45.4038,377.2277,2.0027,133.0000,400.0000,4.1259,7.7309,0.2074,0.1294
Zhen-data/sensitivity-test/x150y200/x150y200fingersC,1.9482,0.4249,572.9577,111.9261,0.2000,0.0400,6.2575,7.5885,572.9577,5.0259,19.0000,600.0000,3.2119,1.6267,1.6171,0.6148
Zhen-data/sensitivity-test/x150y200/x150y200fingersB,1.0980,0.2005,382.6262,71.8970,0.0800,0.0400,4.2749,20.8417,382.6262,2.9812,58.0000,400.0000,3.8935,11.7598,1.5166,0.0850
Zhen-data/sensitivity-test/x350y150/x350y150fingersC,2.0684,0.2954,598.5842,4.4231,0.1200,0.0000,6.2058,8.2208,598.5842,5.0259,19.0000,600.0000,3.0003,-18.7108,3.7060,-0.0534
Zhen-data/sensitivity-test/x350y150/x350y150fingersA,0.7604,0.1742,387.3597,20.9829,0.0000,0.0000,3.1906,47.6477,387.3597,2.0027,133.0000,400.0000,4.1960,8.0520,0.1568,0.1242
Zhen-data/sensitivity-test/x350y150/x350y150fingersB,1.1189,0.1757,395.8266,11.8049,0.0000,0.0000,3.8624,29.2244,395.8266,2.9812,58.0000,400.0000,3.4518,-17.5664,-0.0275,-0.0569
Zhen-data/sensitivity-test/x300y150/x300y150fingersA,0.7113,0.2501,388.6129,21.0197,0.0000,0.0000,3.0580,53.0314,388.6129,2.0027,133.0000,400.0000,4.2993,-205.9483,0.9158,-0.0049
Zhen-data/sensitivity-test/x300y150/x300y150fingersB,0.9738,0.2146,400.4697,8.6084,0.0400,0.0000,4.3059,21.3257,400.4697,2.9812,58.0000,400.0000,4.4217,-0.1557,-1.9470,-6.4229
Zhen-data/sensitivity-test/x300y150/x300y150fingersC,2.1266,0.3425,569.4366,119.7087,0.2400,0.0400,6.2322,7.6770,569.4366,5.0259,19.0000,600.0000,2.9305,3.4077,0.3459,0.2934
Zhen-data/sensitivity-test/x350y250/x350y250fingersA,0.7181,0.2039,375.7265,15.2586,0.0000,0.0000,3.0349,52.2161,375.7265,2.0027,133.0000,400.0000,4.2259,2.8154,-0.2145,0.3552
Zhen-data/sensitivity-test/x350y250/x350y250fingersB,0.9229,0.1868,393.1017,9.9126,0.0400,0.0000,4.1265,23.8727,393.1017,2.9812,58.0000,400.0000,4.4714,-30.9446,-0.1606,-0.0323
Zhen-data/sensitivity-test/x350y250/x350y250fingersC,1.6701,0.2420,599.9372,4.7626,0.1600,0.0000,6.0597,9.1307,599.9372,5.0259,19.0000,600.0000,3.6284,3.3279,-0.5223,0.3005
Zhen-data/sensitivity-test/x300y200/x300y200fingersC,1.8251,0.2488,574.9942,111.1418,0.1200,0.0400,6.2459,7.6773,574.9942,5.0259,19.0000,600.0000,3.4223,2.3279,2.1029,0.4296
Zhen-data/sensitivity-test/x300y200/x300y200fingersB,1.0585,0.1599,399.6318,15.0510,0.0800,0.0000,4.0885,24.9585,399.6318,2.9812,58.0000,400.0000,3.8626,-58.5210,3.3165,-0.0171
Zhen-data/sensitivity-test/x300y200/x300y200fingersA,0.6877,0.1148,377.2562,69.6204,0.0400,0.0400,3.1231,48.9148,377.2562,2.0027,133.0000,400.0000,4.5415,2.6245,-0.2558,0.3810
Zhen-data/sensitivity-test/x200y150/x200y150fingersC,2.3294,0.6523,595.3369,16.6336,0.3200,0.0400,6.1240,8.6599,595.3369,5.0259,19.0000,600.0000,2.6290,0.5935,-8.2973,1.6850
Zhen-data/sensitivity-test/x200y150/x200y150fingersA,0.7448,0.1645,400.9703,22.3155,0.0400,0.0000,3.1165,52.2591,400.9703,2.0027,133.0000,400.0000,4.1842,-260.7874,1.2592,-0.0038
Zhen-data/sensitivity-test/x200y150/x200y150fingersB,1.0633,0.2469,398.4640,13.3137,0.0400,0.0400,3.8752,29.1408,398.4640,2.9812,58.0000,400.0000,3.6445,4.7970,-0.3212,0.2085
Zhen-data/sensitivity-test/x200y300/x200y300fingersA,0.8723,0.1577,392.1688,23.0382,0.0000,0.0000,3.0360,54.4538,392.1688,2.0027,133.0000,400.0000,3.4805,4.0146,0.3780,0.2491
Zhen-data/sensitivity-test/x200y300/x200y300fingersC,2.0393,0.3305,542.3538,160.0760,0.2400,0.0000,5.9577,8.8690,542.3538,5.0259,19.0000,600.0000,2.9215,2.8027,-0.7000,0.3568
Zhen-data/sensitivity-test/x200y300/x200y300fingersB,1.0390,0.2325,399.3313,12.0124,0.0400,0.0000,4.0334,25.9739,399.3313,2.9812,58.0000,400.0000,3.8819,-60.5356,1.2245,-0.0165
Zhen-data/sensitivity-test/x300y250/x300y250fingersA,0.7718,0.1542,372.9365,61.9559,0.0400,0.0400,3.2977,42.2171,372.9365,2.0027,133.0000,400.0000,4.2729,4.4487,0.9499,0.2248
Zhen-data/sensitivity-test/x300y250/x300y250fingersC,1.8226,0.2897,575.0858,110.7442,0.1600,0.0400,6.4911,6.4652,575.0858,5.0259,19.0000,600.0000,3.5614,20.2681,0.5122,0.0493
Zhen-data/sensitivity-test/x300y250/x300y250fingersB,0.9498,0.1568,380.6017,69.2109,0.0400,0.0400,3.7735,30.0273,380.6017,2.9812,58.0000,400.0000,3.9730,14.9261,1.6570,0.0670
Zhen-data/sensitivity-test/x250y150/x250y150fingersB,1.0540,0.2993,393.9717,12.0197,0.0800,0.0000,3.8843,28.6182,393.9717,2.9812,58.0000,400.0000,3.6854,4.7610,-0.0364,0.2100
Zhen-data/sensitivity-test/x250y150/x250y150fingersC,2.1232,0.5215,596.6992,10.3099,0.2400,0.0400,6.6577,5.9690,596.6992,5.0259,19.0000,600.0000,3.1357,2.1831,-0.9180,0.4581
Zhen-data/sensitivity-test/x250y150/x250y150fingersA,0.7527,0.1559,383.8952,19.7666,0.0000,0.0000,2.8869,60.0125,383.8952,2.0027,133.0000,400.0000,3.8353,14.5175,1.0268,0.0689
Zhen-data/sensitivity-test/x350y200/x350y200fingersB,0.9846,0.1994,393.1114,12.5578,0.1200,0.0000,4.0204,25.8150,393.1114,2.9812,58.0000,400.0000,4.0831,-13.7067,1.3947,-0.0730
Zhen-data/sensitivity-test/x350y200/x350y200fingersA,0.7209,0.1608,376.6763,16.4878,0.0000,0.0000,2.8011,63.0986,376.6763,2.0027,133.0000,400.0000,3.8853,-10.5578,1.1250,-0.0947
Zhen-data/sensitivity-test/x350y200/x350y200fingersC,1.7540,0.3810,598.1827,3.5043,0.0400,0.0400,6.0569,9.1223,598.1827,5.0259,19.0000,600.0000,3.4532,5.1710,0.2996,0.1934
Zhen-data/sensitivity-test/x150y250/x150y250fingersA,0.7701,0.2242,363.4976,63.1367,0.0800,0.0400,2.8026,60.8185,363.4976,2.0027,133.0000,400.0000,3.6392,12.5379,0.7809,0.0798
Zhen-data/sensitivity-test/x150y250/x150y250fingersC,2.1017,0.2372,600.1936,5.7542,0.2000,0.0000,6.3168,7.6250,600.1936,5.0259,19.0000,600.0000,3.0055,-12.5231,1.3803,-0.0799
Zhen-data/sensitivity-test/x150y250/x150y250fingersB,1.0301,0.2006,399.9473,16.6123,0.2000,0.0400,4.2003,23.0077,399.9473,2.9812,58.0000,400.0000,4.0777,10.9848,0.9933,0.0910
Zhen-data/sensitivity-test/x250y250/x250y250fingersA,0.7581,0.1291,374.5300,24.7722,0.0400,0.0000,2.8784,58.9519,374.5300,2.0027,133.0000,400.0000,3.7969,8.5088,1.5742,0.1175
Zhen-data/sensitivity-test/x250y250/x250y250fingersC,2.1316,0.5280,567.3895,123.7528,0.2800,0.0400,5.8667,9.8931,567.3895,5.0259,19.0000,600.0000,2.7523,-4.2122,3.9044,-0.2374
Zhen-data/sensitivity-test/x250y250/x250y250fingersB,1.0485,0.1842,380.8972,78.5861,0.1600,0.0400,3.9944,25.4985,380.8972,2.9812,58.0000,400.0000,3.8097,4.8767,0.2794,0.2051
Zhen-data/sensitivity-test/x150y150/x150y150fingersA,0.7548,0.1508,381.0746,82.5065,0.1200,0.0400,2.5877,76.0415,381.0746,2.0027,133.0000,400.0000,3.4284,0.3725,-4.6662,2.6845
Zhen-data/sensitivity-test/x150y150/x150y150fingersB,1.0338,0.2000,388.7278,74.8461,0.0800,0.0400,4.0277,25.3893,388.7278,2.9812,58.0000,400.0000,3.8962,37.7409,-0.6288,0.0265
Zhen-data/sensitivity-test/x150y150/x150y150fingersC,1.9996,0.5336,599.9541,10.0951,0.2000,0.0400,6.2931,7.7497,599.9541,5.0259,19.0000,600.0000,3.1472,3.9665,2.7698,0.2521
Zhen-data/sensitivity-test/x200y250/x200y250fingersC,2.3444,0.5101,596.3987,4.4809,0.1600,0.0000,5.9821,9.5869,596.3987,5.0259,19.0000,600.0000,2.5516,2.8745,-17.6558,0.3479
Zhen-data/sensitivity-test/x200y250/x200y250fingersA,0.8382,0.1745,400.4902,23.2239,0.0400,0.0000,3.2674,46.4118,400.4902,2.0027,133.0000,400.0000,3.8983,-0.0605,-32.9933,-16.5331
Zhen-data/sensitivity-test/x200y250/x200y250fingersB,1.0398,0.1473,399.8929,10.3086,0.0400,0.0000,4.0632,25.4438,399.8929,2.9812,58.0000,400.0000,3.9075,1.6504,-0.2427,0.6059
Zhen-data/sensitivity-test/x250y200/x250y200fingersA,0.7627,0.2409,380.5484,28.7275,0.0000,0.0000,2.8381,61.8725,380.5484,2.0027,133.0000,400.0000,3.7209,72.0714,1.2393,0.0139
Zhen-data/sensitivity-test/x250y200/x250y200fingersB,1.0815,0.3792,381.4053,70.6264,0.0800,0.0400,3.9740,25.9215,381.4053,2.9812,58.0000,400.0000,3.6745,6.2004,0.7781,0.1613
Zhen-data/sensitivity-test/x250y200/x250y200fingersC,1.9448,0.4914,542.7131,159.6680,0.2000,0.0000,6.3374,6.7955,542.7131,5.0259,19.0000,600.0000,3.2586,2.7115,-3.3475,0.3688
Zhen-data/sensitivity-test/x200y200/x200y200fingersB,1.0689,0.2395,399.7412,11.2282,0.0000,0.0000,3.9240,28.1928,399.7412,2.9812,58.0000,400.0000,3.6712,0.5548,-13.0015,1.8024
Zhen-data/sensitivity-test/x200y200/x200y200fingersC,2.0367,0.3376,595.7754,4.6306,0.2400,0.0000,6.2215,8.0925,595.7754,5.0259,19.0000,600.0000,3.0546,-3.4739,2.0147,-0.2879
Zhen-data/sensitivity-test/x200y200/x200y200fingersA,0.7965,0.1748,400.0027,24.0428,0.0000,0.0000,2.7898,67.6222,400.0027,2.0027,133.0000,400.0000,3.5026,-4.2807,1.0360,-0.2336
Zhen-data/TestNewFeature/ZhenAdjustTrue11/ZhenAdjustTrue11fingersC,2.2967,0.6873,600.0799,3.8354,0.0800,0.0000,5.9956,9.5546,600.0799,5.0259,19.0000,600.0000,2.6105,4.3824,1.1001,0.2282
Zhen-data/TestNewFeature/ZhenAdjustFalse11/ZhenAdjustFalse11fingersC,2.1996,0.7552,599.0207,3.2771,0.0400,0.0000,6.1513,8.5479,599.0207,5.0259,19.0000,600.0000,2.7965,2.9636,1.2178,0.3374
Zhen-data/Fatigue-test/No3/No3mouseC,1.0120,0.2870,599.8600,3.9590,0.0400,0.0000,6.1171,8.7684,599.8600,5.0259,19.0000,600.0000,6.0445,-1.1460,40.8631,-0.8726
Zhen-data/Fatigue-test/No3/No3mouseB,0.5618,0.1709,392.3379,9.8186,0.0000,0.0000,3.8963,28.2461,392.3379,2.9812,58.0000,400.0000,6.9347,-8.4440,1.0495,-0.1184
Zhen-data/Fatigue-test/No3/No3mouseA,0.4027,0.0790,389.3064,40.7107,0.0800,0.0000,2.8424,63.0755,389.3064,2.0027,133.0000,400.0000,7.0582,3.2833,-0.2269,0.3046
Zhen-data/Fatigue-test/No6/No6mouseA,0.3760,0.1799,385.3247,36.6277,0.0800,0.0400,3.1534,48.7920,385.3247,2.0027,133.0000,400.0000,8.3855,-5.0623,1.1749,-0.1975
Zhen-data/Fatigue-test/No6/No6mouseB,0.5094,0.1128,393.8808,11.7618,0.0800,0.0000,4.1684,23.1948,393.8808,2.9812,58.0000,400.0000,8.1824,12.9436,-0.2557,0.0773
Zhen-data/Fatigue-test/No6/No6mouseC,1.0710,0.4098,600.8565,5.2999,0.1600,0.0400,6.4783,6.8158,600.8565,5.0259,19.0000,600.0000,6.0490,18.9481,1.5685,0.0528
Zhen-data/Fatigue-test/No9/No9mouseC,0.9567,0.1840,599.8202,4.4296,0.1600,0.0000,6.1078,8.8251,599.8202,5.0259,19.0000,600.0000,6.3844,-2.9014,3.8184,-0.3447
Zhen-data/Fatigue-test/No9/No9mouseA,0.3275,0.0891,392.3119,31.1101,0.0400,0.0000,2.6930,71.7640,392.3119,2.0027,133.0000,400.0000,8.2240,-15.0467,1.1941,-0.0665
Zhen-data/Fatigue-test/No9/No9mouseB,0.4872,0.1040,393.7015,14.0582,0.0400,0.0400,4.4318,19.1274,393.7015,2.9812,58.0000,400.0000,9.0962,-2.0420,-0.2255,-0.4897
Zhen-data/Fatigue-test/No7/No7mouseC,0.9636,0.2382,598.6059,3.5513,0.0800,0.0000,6.3069,7.6574,598.6059,5.0259,19.0000,600.0000,6.5451,4.6659,-0.1801,0.2143
Zhen-data/Fatigue-test/No7/No7mouseB,0.4711,0.1119,393.1401,11.4022,0.0400,0.0000,3.7851,30.7488,393.1401,2.9812,58.0000,400.0000,8.0346,-0.9762,-12.4449,-1.0243
Zhen-data/Fatigue-test/No7/No7mouseA,0.3570,0.1011,388.6271,37.6969,0.1200,0.0400,2.8545,62.3548,388.6271,2.0027,133.0000,400.0000,7.9954,19.8304,-0.1617,0.0504
Zhen-data/Fatigue-test/No8/No8mouseB,0.4987,0.0917,393.9370,14.4473,0.0800,0.0000,3.9711,26.8299,393.9370,2.9812,58.0000,400.0000,7.9626,-11.2326,0.7902,-0.0890
Zhen-data/Fatigue-test/No8/No8mouseC,0.9500,0.2127,600.6934,3.2148,0.0800,0.0000,6.1631,8.5009,600.6934,5.0259,19.0000,600.0000,6.4873,36.0990,0.3290,0.0277
Zhen-data/Fatigue-test/No8/No8mouseA,0.3534,0.1406,379.1462,20.2009,0.0800,0.0000,2.7717,65.0418,379.1462,2.0027,133.0000,400.0000,7.8426,-8.4600,1.1724,-0.1182
Zhen-data/Fatigue-test/No1/No1mouseC,0.9880,0.4094,596.8468,5.1003,0.0800,0.0400,6.3240,7.5439,596.8468,5.0259,19.0000,600.0000,6.4009,4.1643,-2.3445,0.2401
Zhen-data/Fatigue-test/No1/No1mouseA,0.3601,0.1195,392.0295,18.1338,0.0000,0.0000,3.0738,52.8330,392.0295,2.0027,133.0000,400.0000,8.5359,13.6177,0.1206,0.0734
Zhen-data/Fatigue-test/No1/No1mouseB,0.4813,0.0976,394.6563,9.1920,0.0000,0.0000,3.9502,27.2987,394.6563,2.9812,58.0000,400.0000,8.2068,4.2733,-0.0088,0.2340
Zhen-data/Fatigue-test/No2/No2mouseA,0.4110,0.1266,393.4525,31.5289,0.0400,0.0000,2.8989,60.9170,393.4525,2.0027,133.0000,400.0000,7.0540,10.2836,0.1959,0.0972
Zhen-data/Fatigue-test/No2/No2mouseC,1.0189,0.2158,598.8419,4.0638,0.0800,0.0000,5.9504,9.8435,598.8419,5.0259,19.0000,600.0000,5.8400,15.7429,0.5142,0.0635
Zhen-data/Fatigue-test/No2/No2mouseB,0.5200,0.1647,393.5556,11.2573,0.0400,0.0000,4.1976,22.6846,393.5556,2.9812,58.0000,400.0000,8.0728,-9.9786,0.1834,-0.1002
Zhen-data/Fatigue-test/No5/No5mouseB,0.4716,0.1084,397.8142,11.6409,0.0000,0.0000,4.1037,24.5679,397.8142,2.9812,58.0000,400.0000,8.7009,4.6578,-1.4945,0.2147
Zhen-data/Fatigue-test/No5/No5mouseC,0.9638,0.1534,600.4375,4.7980,0.1600,0.0000,6.2549,7.9667,600.4375,5.0259,19.0000,600.0000,6.4900,0.5415,-4.1408,1.8468
Zhen-data/Fatigue-test/No5/No5mouseA,0.3644,0.0971,380.9247,23.6307,0.0000,0.0000,2.8693,60.3959,380.9247,2.0027,133.0000,400.0000,7.8744,3.2005,-3.2470,0.3124
Zhen-data/Fatigue-test/No10/No10mouseC,1.0188,0.2935,600.6955,3.3823,0.0800,0.0000,6.1043,8.8602,600.6955,5.0259,19.0000,600.0000,5.9917,1.3806,0.3237,0.7243
Zhen-data/Fatigue-test/No10/No10mouseB,0.5260,0.0862,389.8679,16.9710,0.2000,0.0000,3.8931,28.1351,389.8679,2.9812,58.0000,400.0000,7.4008,18.4498,0.0147,0.0542
Zhen-data/Fatigue-test/No10/No10mouseA,0.3087,0.0706,379.0780,32.1027,0.0800,0.0000,2.7319,67.1730,379.0780,2.0027,133.0000,400.0000,8.8501,7.4242,-0.2086,0.1347
Zhen-data/Fatigue-test/No4/No4mouseA,0.3880,0.0907,389.5968,24.5657,0.0000,0.0000,2.7331,68.9695,389.5968,2.0027,133.0000,400.0000,7.0435,33.4437,0.9101,0.0299
Zhen-data/Fatigue-test/No4/No4mouseB,0.4787,0.0801,389.3795,19.1774,0.0800,0.0400,4.2702,21.2820,389.3795,2.9812,58.0000,400.0000,8.9209,1.7690,-5.8237,0.5653
Zhen-data/Fatigue-test/No4/No4mouseC,0.9195,0.1648,598.4722,3.8377,0.0400,0.0000,6.0877,8.9308,598.4722,5.0259,19.0000,600.0000,6.6207,11.0579,0.0914,0.0904
